35663e828d609c402d46e330ccffbf3fda16274470b13099f249d6d933f3f1a3,Win32 EXE,Spnr,Trojan,Common
35663f4604865259e39cae0a1ce3cd80d51ad996ce28ef97073a9b49858b1fe5,Win32 EXE,Vobfus,Worm,Common
3566403a7fb2a1fdb86ab4028e15305fc3cb03ae800a352114560f5b1bfebc61,Win32 EXE,Vilsel,Trojan,Common
356641deb06173f7a327c128ceb6a00057f94a842a182687fe388da2a1ddd0a3,Win32 EXE,Resur,Malware,Win32
3566460c52b124c3ded8c71ae190e1c90c1f8c02ce8ca16fdc568eb041238bd6,Win32 EXE,Gen,Virus,Win32
35664905a6e6e92152a1c88c1b22c9862ea402d99f6ec7b0e783682ae6cf582e,Win32 EXE,Virlock,Malware,Win32
35664b5c29b92261403bccddcded2024300923f21bea4ba5e352198185c557a5,Win32 EXE,Gen,Virus,Win32
35664f67bbfc959a9c64c6682a56db37dae694e5d62cb3571b388d349d2ac498,Win32 EXE,Spybot,Worm,Common
35664fcc9b099ddb61726879b5066b524118932ab01fb508107db7835f85833f,ELF,Mirai,Trojan,Linux
356654b65e718c83bd88b8c48108bb3ea1521f133796d0dc8428794b0f6d9319,Win32 EXE,Autorun,Worm,Common
356656b06fee343d80c30b6079885c7f28f25c06fcc02972e60faa9435ed966c,Win32 EXE,Vbna,Worm,Common
35665a2a77bc4b95d053d2dfb67f201164461c216bcad00f01d0e89a3719ed0b,Win32 EXE,Vb,Trojan,Common
35665c02f780c233e433b5f0a151233f915f7b201bc2239e59d4d4481fd9a9ea,ELF,Xorddos,Malware,Linux
35665ddf0606ce69b0034b601787b452381433b78ed1aa34cf00d4577545543f,Win32 EXE,Resur,Malware,Win32
35665f94d138e84049d97e5c0070fcd8116cd28e5817a2d122c7fe65d0ec769a,Win32 EXE,Autorun,Worm,Common
35665fa468d47883f126d70e6330463882c0796b3e686ef1ae8247215942a1d6,Win32 EXE,Gen,Trojan,Common
356660dc730a50a48f269dc5c4d13d1305f48118bdae123d1fd42240216e60c2,ELF,Mirai,Trojan,Linux
356663c1fdd0ccf06d072465a1ef43aaa8d027189e08c4d211930c055d7b5a90,Win32 EXE,Gen,Trojan,Win32
356668d55c8397f4735ffa0a29015f229795e6898d1fae24f0d981b3f97e9d2d,Win32 EXE,Fakeav,Trojan,Common
356668f5b6b6b360176376351fe83049237a593b23757292743aada2b945023e,ELF,Xorddos,Malware,Linux
35666a776e6c940ad76da02c9b9498ac268b5364bf5a33b72055cd7e8df9389c,Win32 EXE,Virlock,Trojan,Win32
35666b4c6b5855de200c69d78dca2ff8958727389ddbd2d6ac3a65af78da74f9,Win32 EXE,Resur,Malware,Win32
35666c7af2c980f0a3f1ae3e36762de5a934506f3bfa2613bdca3415d224990f,Win32 EXE,Neojit,Trojan,Common
35667011a1abf7fc07aefb36b0bb6e21df5365c538a436b9ba9efc286313e82d,Win32 EXE,Resur,Malware,Win32
356670d11e3a046f5ce75e43369bff29858449d41c7814843e200bb669d21c82,ELF,Mirai,Trojan,Linux
35667224cdd69c011c228d8c446433a77362c68202087d18ce3cead0b3a9f82e,Win32 EXE,Gen,Trojan,Common
3566726de4fc4c98bd7f68d27d8ce7848c334ea521061c23ad53bd251a10f9cc,JavaScript,Virlock,Trojan,Script
356673aa6d82e09cb45e480a5351b621dde505060564ea3bb0b8d8485f0f8016,Win32 EXE,Agent,Trojan,Script
356673e4d9e334ccdd7e42f318741d0e1e9481b4e9fb92e9cd72b1deac303c8f,Win32 EXE,Vobfus,Worm,Common
35667408d9d6f0f0e7b9ffc3b1a963641a61570c82fddbc49e3134922cbe37d1,Win32 EXE,Gen,Worm,MSIL
35667706802e6fc13493e97a3edc437d6b82c727bfc9ae05ab75f336b325d839,Win32 EXE,Berbew,Backdoor,Win32
3566782928f2c4f51eeefeb47ee01442427b335117d9286eb12eccf58599f430,Win32 EXE,Hpgn,Backdoor,Win32
3566796968773f5bbde66fd2baa2aa39001f8970f9935cf808a7d540abec79b8,JavaScript,Coinhive,Coinminer,Common
356679c8e92d994ff00ce98cb82bfb9ad2c7d0f0a62803a64217bc9e2b336443,JavaScript,Coinhive,Coinminer,JS
35667afd6def7467d719a5c449da8ecabca04ff4358bc64c534373eb88474539,ELF,Xorddos,Malware,Linux
3566826addd082273d695d1317336584e1e2096e88f546d8c4b57f523cdba3c1,Win32 EXE,Vobfus,Worm,Common
35668333249a7011edd0e8c55d79d78c104835d52147847141e76181723b5975,Win32 EXE,Gen,Virus,Win32
3566847291101c1548cb0e1a790267148f1aee3d894ae09de365de90e80bf4ea,Win32 EXE,Spnr,Trojan,Common
35668ad63a16687d3446fc66c2dea45d1a879ff7eabc36568037b4d47dc491a2,Win32 EXE,Berbew,Backdoor,Win32
35668e9b043eb1d4b61010891feb5eff54f570987518a06ed4460b82836e307c,Win32 EXE,Virlock,Malware,Win32
35668eebee355ff33116300bb7ac31d832a3b477d85ab897066427199a1b4f63,Win32 EXE,Gen,Trojan,Win32
356690e86247d1096e6749bc1468f7fa0db6439a72fdd07bccec479d9f81e338,Win32 EXE,Gen,Trojan,Win32
35669147a467217fcd5bc1630dde20fc9adcb3703f06961810bc37ba7362d3a2,ELF,Mirai,Trojan,Linux
35669149bfaa48518099e448eca06d079d49bc7e96d6dca7b4d7bc85f013ad60,Win32 EXE,Vobfus,Worm,Common
356692fdb86a546c3788223b5f76be60c793f5ba55f0813bc49699285660c30c,Win32 EXE,Fujacks,Malware,Win32
3566963b0a7a78b9f6f206019819cf8f8a127069af85dd0284bd57151ef13dbb,Win32 EXE,Gen,Malware,Win32
3566971ec6a3cf1dd2acb36db432e2aa619865a73f9a97e7416131643a9bcd3b,ELF,Mirai,Trojan,Linux
356698aa31e522bc5c942d6b5615305e894bee57c8cb7d782c39885abf4ecd44,ELF,Mirai,Trojan,Linux
35669b29c14f2f9cbcefb99f65828b1c40795a95818f7c8e13f58a3cd768fec0,Win32 EXE,Virlock,Trojan,Win32
35669cb80ffa41e788bcc981b65af8cbc99bc4fda37283c69133c2159cd57f44,Win32 DLL,Dridex,Trojan,Win64
35669d5d352398e93a19a1128c50d06894349e2debcce2589d2a28a0f201fc54,Win32 EXE,Vb,Worm,Common
35669df2089646179e88d5a118ba7acbc656ddcd4de3fcc367c8c71aaad44bfe,Win32 EXE,Vobfus,Worm,Common
3566a3279a2a446736e8964db454dbe46c44bf460e289a3903f455178b1135e4,Win32 EXE,Gen,Trojan,Common
3566a42a9c3956a72c31ae221fddcf139b3422cceffe68e1f62aa626a1adf069,ELF,Mirai,Trojan,Linux
3566a4961493d82f12f75c5f6036d06dd1ae2b85658230f328dc89e9fcfc4f85,Win32 EXE,Vb,Trojan,Common
3566a5e908e05a1564bfeb8db95be436aafd2fc5a29ef1e60cdc146d0f4ff742,Win32 EXE,Resur,Malware,Win32
3566a75349940c54114d3a0909ad76945e9166cb53e5447d503af86ca9209bfd,ELF,Xorddos,Malware,Linux
3566a7bac1fbe64f7f9a53e83310f64a4d4113dde5d2dc28ba33051372adeb51,Win32 EXE,Upatre,Trojan,Common
3566a94fb8391cdcf9596f630be8c4f3f1cb1cbdc74305dcdb52e996770a27ba,Win32 EXE,Spybot,Worm,Common
3566ab151e2f8d0dc75773f0976e3614908080f7b769e64c2e597aca3df393aa,Win32 EXE,Virlock,Trojan,Win32
3566b02088f1a93c9d54589cda050146be76c6bf5711590e4bc0469e35ea5c36,Win32 EXE,Lumer,Trojan,Win32
3566b0db55cb926b591107b6dd39996df1644c4a5eafa43a62a9b444f92429db,Win32 EXE,Virlock,Trojan,Win32
3566b21f7cc280f557300b6b4b713cea8d88514c03391ce3c51bb66f697fd35e,Win32 EXE,Gen,Backdoor,Win32
3566b226e13c77c4f7254f4a82edf62180ee98036e6d4046158065c26b2e40d4,ELF,Xorddos,Malware,Linux
3566b2b001500eb1fc87a62954658265ba6fbaba7493b5902f0220d0b11a89f7,Win32 EXE,Virlock,Malware,Win32
3566b6f0c49f249232ba5895251b9b962cf250136f43df7a7b749b6bf4b9fde0,Win32 EXE,Spybot,Worm,Common
3566b767f2af52f54123b267a7c9d202ea67436b5fdd6453d5004a160ae86e05,Win32 EXE,Eggnog,Worm,Common
3566ba202a0a56c93755a13b9133d5dc41ccd7fb5b414b7c619c2aa43f3d1460,ELF,Xorddos,Malware,Linux
3566bb5ac9fa019b8f9e5e05526a1143bd79957ac6827b5c2513630dd3d2bcec,Win32 EXE,Vbna,Worm,Common
3566c081f033f6f5c43c36d38ed67097201a3f426f2998b100c6518cb248d035,Win32 EXE,Vb,Trojan,Common
3566c718fe367c61303cf8a60b115dc03506d7eb79ae14737590a8682e4e37e5,Win32 EXE,Grevo,Trojan,Common
3566c91ce19cebc0aa2a61308c3ee0718348ef2f3dd502da2113d6eab360756d,Win32 EXE,Gen,Trojan,Win32
3566ca89fa5ea365c6922f2796365a69a0ad0267dc360afdb8223762948bd022,Win32 EXE,Sytro,Worm,Win32
3566cc8b5d3837bcc40c1f15f2aafa2e7835760316015f5e1276d931d6de1c79,Win32 DLL,Dridex,Trojan,Win32
3566cd712d37cebbab97a8b6ddbcac08411db414de4da2dc361e0737914a6b48,Win32 EXE,Vobfus,Worm,Common
3566cdbf4b09cb4a24a3021d84cefb83bd773622f0cf3dcaab8897c8fc6741bd,Win32 EXE,Virlock,Trojan,Win32
3566cdc263878e9f82ada87a7dca5ad7f1a2b2155b49c2c5a45be9256f4caa0f,Win32 EXE,Gen,Trojan,Common
3566d0f3b17b92cef5b47e73b43f8879e1036baa7b63aa6a021bb40a31d3a46b,Win32 EXE,Spybot,Worm,Common
3566d3a09e65bce38dd06478184d9389e0b4404c64826e8d60c6c35aa6782bcb,Win32 EXE,Virlock,Malware,Win32
3566d7fa392b5215ed43e45be58087247f3285da9eaba7b862f08d88639f0cf5,JavaScript,Coinhive,Coinminer,Common
3566d860e737bb18455f7465e5d9a71bd83eb95e37ba9421b3962e3ea2101e31,Win32 EXE,Spnr,Trojan,Common
3566d8f93059aee327db2018a2559964ebb57d0d980168a4f79e09266e80c08c,Win32 EXE,Spnr,Trojan,Common
3566d94f19d4898ebc3be18d32456dd2e89060bf43afa4204c5b4ab1e922393e,Win32 EXE,Virlock,Trojan,Win32
3566da15f8f539a425516eb746951989653593623d171e9478a5a17ba77c9586,Win32 EXE,Upatre,Trojan,Common
3566ddd5765dae0b7de9361b594c74d99273f0e3b9f48de78fc6601327313a25,ELF,Mirai,Trojan,Linux
3566de819cabc8a9fbc6b6cb89c4dda7acfee52b05fbcdca813d5c56455c04db,Win32 DLL,Lemonduck,Trojan,MSIL
3566deae8375827f9103b53c7da89611dc6f3279aa949323872d8c8ab5b277be,C++,Smcoinhive,PUA,Common
3566e74d49e7eb284892e1124c0af7acd1151eacc5ec97a612719672596a451e,ELF,Xorddos,Malware,Linux
3566e9219ed0264f5f4df45bb0c1a1ff8e8cda8466e7fac04839a5d932bc096c,Win32 EXE,Nevereg,Worm,Common
3566ecf1c584609e428be2707946d6caa0c47b19d1402f5773b310afd0a65229,Win32 EXE,Miras,Worm,Win32
3566ed5ccf147f4130fd8bc5130bd5399c83522dc52461bdcb4aa6ae965ca5e5,ELF,Xorddos,Malware,Linux
3566ef26d528a9b6985e827ce6a41991785179474165136edbf455186bd51363,Win32 EXE,Lamer,Virus,Win32
3566efb1e2c6212a9a4e4f9d1b055aafceeb112aef0cd7525f8959d49b33d01d,Win32 EXE,Rontkbr,Worm,Win32
3566f1077694269840aa92c76e6e66a7c4abb0f93d4a1572ab6bff8239f5a183,ELF,Mirai,Trojan,Linux
3566f16028cdc10c869d78f14bd5efdaa020f6fbeba1a45d4a06b8eafae1f361,Win32 EXE,Berbew,Backdoor,Win32
3566f1b13cb5be5a2a52e88e66420a0389327283812e510ae8fabc96319f60bb,Win32 EXE,Sytro,Worm,Win32
3566f2082fb39a982d23a233f5cd2d7fe228e0f26443e5fb79914dd63302debf,ELF,Mirai,Trojan,Linux
3566f264999eebc63bfe29de9a6c7bca3c411503408532566be89ba8a7a34d81,Win32 EXE,Virlock,Malware,Win32
3566f264e3cecb5df1982bd3d9545051439d185049c75b7aad821b8fd79b852f,Win32 EXE,Gen,Trojan,MSIL
3566f7a72cfed899331ebd78f64eb1f7abd22eddd7daa7f1cb43c129840dda54,Win32 EXE,Vobfus,Worm,Common
3566febbde08f2c2ff319d0a2d029c8591dd23afaa41499ac3c611ff958743c7,Win32 EXE,Virlock,Malware,Win32
3566fef3bdaa3a84379a2d5cf977843e4618c83316577994892f3703c0cfb8f0,Win32 EXE,Vobfus,Worm,Common
3566ff78bd1b995958ad49f27e4ddc0ba0aa1ed9e85333f2da2b72c7b752c293,Android,Agent,Trojan,Win32
3566fff6dd65a370f166b11741e2e9a080142fccb083041e6f2f5d494432406c,ELF,Mirai,Trojan,Linux
356700a6d69ef9e7de3fecf1c1e79ba91c102859432f6f83583e045cc7314387,Win32 EXE,Gen,Trojan,Common
356707e2aed360e98547ba5b0d39b09255f28057addaaa01dafad573775f70f0,Text,Hiddentear,Ransomware,INF
356709915be9ba24500c2d375f91e59d2fbc89c29477c91f0cd6c4033a49e14b,ELF,Mirai,Trojan,Linux
3567099ab17125ba202fe8f9f86a45076f4254eeb41cd6773b235c15afe2abaf,JavaScript,Coinhive,Coinminer,JS
35670a6fa6e81fe2f3cbe62c8f513d6e42835da62f05e4bc3831102418412abd,Win32 EXE,Berbew,Backdoor,Common
35670ac41e1f279a4e87dab8e1cddd720c25214a9ef32a54326e7a8c5a2a3819,Win32 EXE,Vobfus,Worm,Common
35670f2509dbca4ef82756a787d71900c7060cfe3f3a8bb3ebe455619ac8525c,ELF,Mirai,Trojan,Linux
35670f79e925c3b669b62c3cfcff4d55618bb4518877abdf21aff7034062285e,Win32 EXE,Vobfus,Worm,Common
356712939f572336fe26d6c12a548489581f880ee5b5a4e7d1ae4d767746d489,ELF,Mirai,Trojan,Linux
35671389783b3b8e053c9c2cf1a72244641ff63391f6a9ca552c516eab87b04c,Win32 EXE,Gen,Exploit,Win32
356718b812da7f8afdda58cf7795d3ee4f7320f0e948e9ff4cf9528f4fffa087,HTML,Coinhive,Coinminer,Common
35671a91e041eedbebf377988563ae9e779cd8823c32c7e9d0f8cece6916efbf,Win32 EXE,Sytro,Worm,Common
35671ea3fde9f2d10d4774c0cb82c2e2d0ffce4fcd4c65391b8c2d1c4c27ae65,Win32 EXE,Wabot,Backdoor,Win32
35672025b15376858bcbafd3f54635e57a917f97305a123a123d241df91ee237,Win32 EXE,Lunam,Trojan,Win32
356721b74fda07c8a96c3fb7d4a314cba721e62fe398f881000a3d31e94ae922,Win32 EXE,Virlock,Malware,Win32
35672bb93fc8c237d9905187efbf6badfcfff498bf1a6e7ce509b70504045fef,Win32 DLL,Dridex,Trojan,Win32
35672ff418f25f064322f506063655bb871acb1fc8f60bd627cbc865792316f7,Win32 EXE,Vb,Trojan,Common
356732ed58e6092ac8bde56e493d3c4b53d78aafd25bf562edad56077a403b32,Win32 EXE,Wabot,Backdoor,Win32
3567354f3ee78c0c94cff462fd897ae8d5574eb1b8e78ab284aa8e17c4ba8fad,Win32 EXE,Neojit,Trojan,Common
35673607c598089d09db6b615faafff357436343c412f1015c39ca5e21e86994,PDF,Gen,Trojan,Common
3567377157bd5122e01ecd80d820ff351332adb52dade70b6a08b36bffc28657,Win32 EXE,Bero,Malware,Common
356737c11535da638bff628b2d9cc7f7f9b19d7a3c71758f59b6f095a5671c34,PDF,Gen,Trojan,Common
356737fa90c6d04869199cda66a8f166e7611a221ea3b57feb7a7cdec3008081,Win32 EXE,Vobfus,Worm,Common
356738876d28bb15b37dca169f916b1596c8f436c6df0d23a938f11049fe2b7d,ELF,Mirai,Trojan,Linux
3567398ccd568f65a33e0e547a67007c45262e5f58c5ba947eb2c7cae6985e93,Win32 EXE,Neojit,Trojan,Common
35673b9c00c102dfa0fb40546f66d93c5cbbb0999e3a1fe276fb35fdbe40d682,Win32 EXE,Autorun,Worm,Common
35673b9cf7ea5a79b6f1e7117ea92105ec454dd6ea0131554b8d8bed9cf043b9,Win32 EXE,Virlock,Trojan,Win32
35673d343b0b9b9620e684e266addaaa003378a1638dc415f7abd1da512583d0,PDF,Gen,Trojan,Common
35673eba73694ed56bba9ba4b710119b493f612369cc315a6801fa7af5c13dc4,Win32 EXE,Virlock,Trojan,Win32
356747ea4c00cdee196361dd6d6e3e5d26fe520a0a67abaae4cc84c848c1283c,Win32 EXE,Vb,Trojan,Common
35674ad74f5d5d9c5c30856577f797dd85db211956476186c38b65983904a198,Win32 EXE,Berbew,Backdoor,Win32
35674b046f46e4ac862dab98a246139e2e17ace23e32bef78425e09f48bd3542,Win32 EXE,Fujacks,Malware,Win32
35674c56ba676d23f76d897631b19d9df1d059e7ee075a93aa6a3e21d9c540b3,Win32 EXE,Miras,Worm,Win32
35674eb42b9f4641b61ff75ae3a65e7fd0ad6b160a0120281e1656f9414d4281,Win32 EXE,Nevereg,Worm,Common
3567502d252288067fc087ddaa9ac26f33f7282ec3ce7153e29492dc258b62d2,Win32 EXE,Vbna,Worm,Common
3567531a024dabdcf95f211030ff78b209a22174a9f57d2eedb4c6a0b2c669a0,ELF,Xorddos,Malware,Linux
356754b532a5384ff0ef0efd346109366d490addd4b2948c7c0234beadb61885,Win32 EXE,Vb,Trojan,Common
35675674ec941f0dffabeaf5928c22dcf6282e0fba3a865c477216fde2ce2a09,ELF,Xorddos,Malware,Linux
3567599e9068ddf6ef94e9c091724b791b6ad39461dd87d140cb3c40448a858d,Win32 EXE,Spybot,Worm,Common
35675a69c0f670d2c235135d5b1bf8b65db538f9a63f32f8d63a079f5231dd4a,Win32 EXE,Berbew,Backdoor,Common
35675b287247a1629a5caa31310e187a3bda021f479d6c71997d0e149a78fc69,Win32 EXE,Fasong,Worm,Win32
35675bad5179ace4d5aa68ca320edd0976165a21d1d9326a27a439131972b4aa,Win32 EXE,Gen,Trojan,Common
35675dcb71ffabffa9b04be2fe56553d534d7959ea0c540acd92324536f7a27e,Win32 EXE,Gen,PUA,Win32
35675e3745877dd39e3450e45813fd6fe7233a9b3e2633b702d97476b3178d53,Win32 EXE,Agent,Trojan,Script
356763d38c78a5720a1808396aabdff3848c7e3fb126d849741d2bcc1873d6c8,ELF,Mirai,Trojan,Linux
356763f5e1a1c95942787a9ccfe0bc7190b7db2f318ff49701681a4481bbc58d,Win32 EXE,Spybot,Worm,Common
356770cf3ea2ba6e6043182ecea185082be78aa1a32a47180601ed4753fd5de4,Win32 DLL,Dridex,Trojan,Win64
35677787a160aede43be2fbeb91ba0759d92d65dc2365ae98f7fc744261b0205,Win32 EXE,Virlock,Malware,Win32
35677b4bb159c419252e69c169fb5b6618a38f182f125d7a978eacbd34cab425,Win32 EXE,Agent,Trojan,Win32
35677d1231bcc4f95613dad8da4c4790c2482aac2fe719c95a827e2db68d3691,JavaScript,Faceliker,Trojan,JS
35677dec2e1581736cb529f2da4448bbc3f7133df436b4a3dd8d79ff81ff4205,Win32 EXE,Vobfus,Worm,Common
356783a7e4ec6a91e1a23311cdb2db8e3c7ba18b2ce02d37bda2342394fa9a9f,Win32 EXE,Otorun,Worm,Common
35678886322ada1cd29eb2f38efc35e1b24db98115af18402f0e84b151cecbb7,Win32 EXE,Mydoom,Worm,Common
35678b9ec469f4e66d5f1fb240f408e8f5a1aa652156e05be4da7625199e21cd,Win32 EXE,Gen,Virus,Win32
35678c142f83f0c9459582375b60b3721747f8e5159973871e2fdff88555d9be,Win32 EXE,Wabot,Backdoor,Win32
35678c479f63fa3dd87931de5b7e3fe5bdada4d9e7e5a23ca09d38aba24117f0,Win32 EXE,Virlock,Malware,Win32
35678e0d9f4104107f5b9d09f8d415e68faf0820e5f51ec9b641b9c6dcbc844b,ELF,Xorddos,Malware,Linux
35678edef3339b05109a738e491ff355917cca44085954981fc10240cb7e551f,ELF,Mirai,Trojan,Linux
35678f040fa661c42ba2f46379b7a89d4464ced8044abdd7bd7595d825500e87,ELF,Xorddos,Malware,Linux
35679227d438ca9317a607fb69c5641844116d2eb74e40c7590d079bb1aa2136,Win32 EXE,Gen,Virus,Win32
3567947b17354ce8d017990247025fcdd82e16db7238eaa052b849c8cf4aeacb,Win32 EXE,Vobfus,Worm,Common
356795040b4fa768f6c467bc0bfbd30cf391539c36c1186034f0e8fbd6f64525,Win32 EXE,Vb,Trojan,Common
356795e8852d422c40e26e2d8cb51680b2f408e0b8b20a515307c3a8841d86e1,C++,Smcoinhive,PUA,Common
356796dcf2c1daad935651043ab5ba9074bda760367fc7a70643cb00ba9707bd,Win32 EXE,Vobfus,Worm,Common
356798709d77a49b477f1b8646f147ed750cbabfe6ca28c365a51b5c2e4a214f,Win32 EXE,Gen,VirusTool,Win32
356799055d194a73e440710a46136ad3c5fe967d1152fa77b9d66105e2e9d08a,Win32 EXE,Virlock,Malware,Win32
35679bc99f54405b01349a1834fa95e8c3309ee68202bc6c0a4704eaa8ab017e,ELF,Xorddos,Malware,Linux
35679f84d8958a08dffe376813ebfe606e573853fdea620ce0c999806c8c547d,ELF,Xorddos,Malware,Linux
3567a15a66d019e25cf6aba23fc649af52f99f0eed1fc2a10276171ee9f1ab56,Win32 EXE,Gen,Trojan,Common
3567a2a432d5c9863f5891ea91fa365791548872c7b8183b90bf937d6913e7e6,Win32 EXE,Virlock,Trojan,Win32
3567a4b3ee987573b9ebf49ab1c42f0168b8538a5b6e11e6c181bcd4140a4de4,Win32 EXE,Autorun,Worm,Common
3567a4bc5ca6d76b2e130f592137fe957a4227a2fb924660a5ece1e25b1aba05,ELF,Xorddos,Malware,Linux
3567a64c42c8766e66446d5367d062abddec5a30059552696fac4f60368a3c32,Win32 EXE,Gen,Trojan,Common
3567a69e8e4e3f313c57afeb354c14eef9a8caf70ba69d87f6bb233c387fe136,Win32 EXE,Banker,Trojan,Win32
3567a8cbcaea360ff664650da3ee72285cb09f56972ec756801a3663dc9fc442,Win32 EXE,Berbew,Backdoor,Win32
3567a99c1651a900b25700b488669eb3657550c85f04da8a762f643fb39227ba,PDF,Virlock,Trojan,Script
3567a9a7c998ba1cb3b9e444a9639513b8ee607be1a35c52e3f0fe9e1678616d,ELF,Xorddos,Malware,Linux
3567aad7820fb92d99bed7e54f5734833c4c95af7ccf31489700b8eba5b49b90,Win32 EXE,Virlock,Trojan,Win32
3567acd81caaaaa4b7fe0025437d3d94fb7ffe49807d0edbd068e8f5d929f20d,Win32 EXE,Mydoom,Worm,Common
3567ada05af88875c2a11d157ca813fe27048e02cf6308e27a13870d3b16a283,Win32 EXE,Hpgn,Backdoor,Win32
3567aeace2ac213aea8d7c2c37043f0574deff2635dfa63d6ab0197e4c20ad5b,JavaScript,Coinhive,Coinminer,Common
3567b26603d917b9542193fa802ca8d4096fd1b5fd2c3e30f5aca9b8b2e38b36,Win32 EXE,Virlock,Malware,Win32
3567b2d84310efc047d6403c3b44ec1318331a4dea9433cab37143fb98f217ea,ELF,Mirai,Trojan,Linux
3567b522721c439702fef1bdaa439a314739491a04cb78666b5febad930a32f3,C++,Frs,Trojan,Common
3567bdc5a9ea8a17b663e0a2657968a18d08cb86fb60b182d9fd6237e041d39d,ELF,Xorddos,Malware,Linux
3567c068c50abc2b3918c4b12f2960e279d150f28fe3b6ae6db6d40c7a77ea85,Win32 EXE,Eggnog,Worm,Common
3567c126b5c77557c77f05fd658b1b612e505e67fba9c576729bcc4c642f5784,Win32 EXE,Spybot,Worm,Common
3567c34a36c10debfeefb9427d5130baa28a2c1c14b6468f3d3a54046fec1e09,Win32 EXE,Spnr,Trojan,Win32
3567c4b5d30ded2c34ca0adf4a52a71b6563e1ea62e398d4ce72ff8e5a7cc3f0,ELF,Mirai,Trojan,Linux
3567cff16d69bf037e8d7f532ae9bf2e6772493c0c0d6957c9590258efa14606,Win32 EXE,Vobfus,Worm,Common
3567d19269d991c5871928ddadc55dd0b8540208fb40b37c17eae848b8611ec9,Win32 EXE,Gen,Worm,Win32
3567d1aa05df6b90d9c9d4a2570e4ec285d837b56583bee03a6a1a38aa88b944,ELF,Xorddos,Malware,Linux
3567d519b0a631abb12cc7ef38212774397dd50cbc4d471e6c1f41c6279b9c1f,Windows shortcut,Frs,Trojan,Win32
3567d5d1b20eaaacec8871d385b60cd141ca7095471f09908155b5821250a73d,Win32 EXE,Vb,Trojan,Common
3567d6e094fd2f01787be496dccbbf921f9b7d2b2b0664d9f4e56bf082fdebd1,Win32 EXE,Gen,Trojan,MSIL
3567d94032dfb965c1ce62afd5b9fc560fef79d764e37d61bb67d0d4ff67169a,Win32 EXE,Gen,Backdoor,Win32
3567da8bff367993bd0e75ba4086de6be44d1fbeef679c4c91d4451a4a83498b,Win32 EXE,Spnr,Trojan,Win32
3567dc89401da40c9e39ce04edf3c0dffebf6f389c0bf2e2add0507095e7555f,Win32 EXE,Gen,Trojan,Common
3567dca44f17bcfdac8d7700b56032ee6ba4faeb0e079ce89788ced284b26833,Win32 DLL,Gen,Trojan,Common
3567df850be2636a359394c7eb26c9be5295ef78158d2b5f42ae81c7833eb166,C++,Exploit,Malware,JS
3567e08110c55dfd4b67c463ff247243f13ddc6354751a3fe289c0266740a952,ELF,Xorddos,Malware,Linux
3567e30fb9d1e0314c0294dfdb87380ffacb9796a62c656aec765f84edc60075,ELF,Xorddos,Malware,Linux
3567e4aaabde9cf81bb0bae9c492d63601b4aaa4472edffa91947c3e942aa342,ELF,Gen,Trojan,Linux
3567e8a3ee25d1fc10f344340aad94eb016be6928ae2519327b635100642229d,Win32 EXE,Sytro,Worm,Win32
3567e94ca45e64994b2835b10ef65e56300f820a166412e97379c910d9ad1f42,Win32 EXE,Gen,Trojan,Common
3567ea30190237c62ad6dc7c0c919cb2aeb4dc00a0692eb28889bde4108c1c5a,Win32 EXE,Vb,Trojan,Common
3567f31f6667cf287020e140619d04462b2f9e660811c3858b07f91903e60286,Win32 EXE,Vobfus,Trojan,Common
3567f47635f8f9e75da4a2e869b5823e6c35bad13bbe93fb59c3c33a8be51fe8,Win32 EXE,Vb,Worm,Common
3567f8aa30fb38d3df9ddb56a2a3ba183c00e4f51eed17068f706d29c9d1bd1d,Win32 EXE,Gen,Trojan,Common
3567f97c0f8b2e6a445138458702d104249945c4bfdf51dad4e53a3c681160c1,Win32 EXE,Vobfus,Worm,Common
3567fb9cbbdeff510df462d572c98361d6de318d468ff65f5901ac8ad147c884,ELF,Xorddos,Malware,Linux
3567fc24cf5d25a857171056fe924eaea8dbbb13f706c928023826abd5e0c021,ELF,Xorddos,Malware,Linux
3567fc4ef54b28b5e05b378c55b3c1684abf0b8502cc4a023b5f0d8876d8278e,Win32 EXE,Banker,Trojan,Win32
3567fdf8f3cfae1afeb97086cd19949b9efafd195f3edcfe56effbd2b4c83d9c,Win32 EXE,Gen,VirusTool,Win32
35680640e26ad10eeaea7bf7273822f2cf285e24fed4656dbe8968f4e3e70203,Win32 EXE,Virlock,Malware,Win32
35680afb1cba50019f6a765109aaaabb01fa191c674bcc22f022b2732e07ba56,Win32 EXE,Agent,Trojan,Common
35680beb5a6288a534adc80aadb7581ff90fa978350d221942d988d7053d1b7b,Win32 EXE,Autorun,Worm,Common
35680d4ee46faa976c6c0958a8ae24ac3256bba7258c765d218133536dc68c29,ELF,Xorddos,Malware,Linux
35680f860d954f1ae948e5bd7841252eecfbb8331a9e74b14db0cc3174bb1ab9,Win32 EXE,Vobfus,Worm,Common
3568129715ba2a05e28c1cef47883e65e6382fa1b27621d52e005d079f6242a7,Win32 EXE,Upatre,Trojan,Win32
35681643c9f00d86b40490c9fc0f4f8ef9d1cd5c313730f077dda8d39bdc13a8,Win32 EXE,Spybot,Worm,Common
356816f4de3274bdf8de5a0418541567b60e70975ec730cf3ea4fd9ad7c58502,Win32 EXE,Neojit,Trojan,Common
3568174269efbaa621bc2b81831d14bbe1ad433c60b78ece5e0f83449d65abeb,Win32 EXE,Agent,Trojan,Script
35681876e972cb5eeb378655f7865223fbb498279afa3bcb57ed2fd7ddb7b442,ELF,Mirai,Trojan,Linux
35681e5e064425f77e88e3faeb3d3160fbfe3d73801c85157260062e0dfef2df,Win32 EXE,Gen,Trojan,Win32
35681e9cbd16bfc7a881f1b3f1da161d539de6179573836c675b53d6d037d151,ELF,Xorddos,Malware,Linux
35681ed66e54be9500b7d2b1dfcbb5ff9af3018d4c595e78916e6c32b14f40f9,Win32 EXE,Wabot,Backdoor,Win32
356820238ed572b03840b108b3e89f30fd0d73d36286702d225c2774bab7e41d,Win32 EXE,Vb,Trojan,Common
35682163703f5c91aeec34792e4fddf9bdd4127fb398a45d8b0980c072d7734e,Win32 EXE,Virlock,Trojan,Win32
356822ae64a117013a4d0a9805a9a59d7fb2d3b908bebb29583ac90d2c39e189,ELF,Xorddos,Malware,Linux
356824bf433dff7749085064908beafc1c9f467d2352fbdaa33f1b1eaf57a04d,ZIP,Mydoom,Worm,Common
356824df6715cb05dc751a211c10335d223c5f5e997c099d027f43d5915553ee,Win32 EXE,Vb,Worm,Common
356826dbc59badbf7db32ba31e315416daac5c12dffd27573fc1565076cebd90,ELF,Mirai,Trojan,Linux
35682703d88470b67868644c45598ce2064b99eceddc70ac28fb52fa73eba8d6,JavaScript,Coinhive,Coinminer,Common
356827c75337d94861c92018a0c629077f5efd8d16ea49a24a94b42f66da72c7,Win32 EXE,Mydoom,Trojan,Win32
3568284bb5d9cfdf5041ec0b9c52747927cf7b868e09f8d7bc8373b69ed12366,Win32 EXE,Wabot,Backdoor,Win32
35682d2c35c4c23dda0960f299645ce9b516d8b6b42118faeed02a47e3ee2eb3,Win32 EXE,Virlock,Malware,Win32
35682fbecce38ba6ec864f42ba219541f5109a35c2a184a50b7b109ba01bc287,Win32 EXE,Wabot,Backdoor,Win32
35683239ed19b6fc8b783a1fe4828e3868889293ac52d2d2865d307c15b8a9f6,Win32 EXE,Spybot,Worm,Common
356833217c913262959326d3deb01f270c4842edb01b47ccc580e81e5d584a77,Win32 EXE,Gen,Virus,Win32
3568334b0ff559b660f8767d5525a4e748a3a8c94b23a4d18ba4378413296060,Win32 EXE,Spybot,Worm,Common
3568341ada0d2c0f71b0b50012ff81c379508bee84ce4856c47206f01d1fc7e1,ELF,Xorddos,Malware,Linux
356836731c76c1db891587eecfa524e9b1c4745d787aaff484f248fe425de007,Win32 EXE,Haperlock,Ransomware,Common
356837cdb6a2ed9035181b4be28d66bd586f88af5305749351063981d80ef68a,Win32 EXE,Cabren,Virus,Win32
35683821b2d231d05555c57deb63c89eb4e80d5c1923c8dd3a2630f8db6f8443,Win32 EXE,Resur,Virus,Win32
356838da85b5bba52859c2eea2fcb181d21da8bae1d895e93141c867d85c1852,Win32 EXE,Idtsys,Malware,Win32
35683b00216baed5e90cada06342019d12f9af83187f7b9a71935f97d2fd959f,Win32 EXE,Lumer,Trojan,Win32
35683bd30407eb6a8c225fa962b0b977f74c0eeafc23542fece4bcc4438c5e3f,Win32 EXE,Gen,Trojan,Win32
35683c01b55e8236ee71a05bd687e12ab5f8dc57ac1d8d20b8d0b67d30fb2352,ELF,Mirai,Trojan,Linux
35683f2440802016d8129bc7aa146746833f672902eeacb0f29311702d81a135,Win32 EXE,Sytro,Worm,Common
3568418dc3d16330947c93457edd7b64793c72a5c2e36ac3900f09ba2d73879e,Win32 EXE,Wabot,Backdoor,Win32
3568475b511735d04119dd5d644770c0b6e4fe667bd09cc69c562d2b662ad558,ELF,Xorddos,Malware,Linux
35684d361abfb0b4090e98f40643edeb16300b292b66748027fbdacd07e7baf2,Win32 EXE,Vb,Trojan,Common
35684de98419ac8da06ee2a10acb539f6c243986995b3b1189c5031d7e84a6a2,Win32 EXE,Wenper,Worm,Common
35684e66b60482a47f215a40b73b847d4f27c8a29011aeaae1b05f4f1f1a4353,Win32 EXE,Virlock,Malware,Win32
35684fcee56872f9532f27ef3b0bdc5d11f76c82350b2ca537b03da478efe292,Win32 EXE,Lumer,Trojan,Win32
3568505dc015d610581eefbdfa00c88f5219fa074614978fadd32c7dfc1234a1,Win32 EXE,Gen,Trojan,MSIL
3568513e976e9f687c8594d22f9b591c8df5ef8060bf99b77c98ffc2dfc82a4a,ELF,Xorddos,Malware,Linux
356858802d93b150f36449642cc2a90550adff666ec0fd13102d840f87a81600,Win32 EXE,Gen,Greyware,Win32
35686307395e35f16c16c2d52dc7b83df3db7b3613a36a770258e9ffbe7676b0,Win32 EXE,Gen,Trojan,Win32
356864abde8352b7a09e1ab511cc479ab1f44fde79d3112250910b1ea52febf1,Win32 EXE,Wabot,Backdoor,Win32
3568672d229017c1d0490a70d7e49a480c0c919744fd9f964e868c2100d11310,Win32 EXE,Silly,Worm,Common
356867735752e06c8d2b8b2ffbf95249c22e6f05586da6fa812350cd6c8a0b1e,ELF,Mirai,Trojan,Linux
3568692ab377a76337ae89b5d9c58dbe333ff653b88dce02f46a79d3d1c10669,Win32 EXE,Vb,Worm,Common
35686a4afc3f499bf2a06ae8813411185a8890d1391c83a3754784eb2b4c59ce,Win32 EXE,Virlock,Malware,Win32
35686bb9c014375baede8bf697e4940823d3666a3ed85ca0c3ea58e62142f600,Win32 EXE,Sytro,Worm,Common
35686cba50a7a92ac314d21c9b34021936251249fca1c582a5aa6fabbdd61d38,Win32 EXE,Looked,Malware,Win32
35686eb50ab0529eb93a163ff01dc333e310a0628bb85fa6ae63d61a317bbc25,Win32 EXE,Gen,Malware,Win32
35686f68903066c71f3fb7c770ee85f98bfe45883e472e59abecc49e5253022d,Win32 DLL,Gen,Trojan,Common
35686fc42cb2e4ead8c48637165009cf2c7382696f9d0f0a89aa81c51c1a7d38,ELF,Xorddos,Malware,Linux
3568712fc621f3dce7761ba5ebadb83516a768e42c56b724ccf898ed4372188d,Win32 EXE,Virlock,Malware,Win32
35687165448104a8f09434ef690bcb29db461596a1d46d68e9d2a7eb9835d797,ELF,Mirai,Trojan,Linux
356871cb2c7577e40e6823c1731186bede7480a02706b384460993e2c45f91d7,Win32 EXE,Resur,Malware,Win32
3568765d9a031a19f265077e1b1ca9026116a17cf0a8f3a03da31d5f57fcd6f3,Win32 EXE,Spybot,Worm,Common
356877080782b87e37a14630b7d18d7eecc9c632af53ee0ea56508ab67591085,Win32 EXE,Agent,Trojan,Script
356877740597d6869ea0042615543c0e13b1b0c95097059e7ffe29f2637fd4ae,Win32 EXE,Spybot,Worm,Common
35687a32bf1005106a5db6e0170b732f5ff75818087f8182781a83f636efa558,HTML,Gen,Trojan,Common
35687a81399591fc314bf5f815096f7182a8dfbdb5c400aea5fc27ec3067ea64,Win32 EXE,Virlock,Malware,Win32
35687e0eeeed80e79993d71b8fe09309e609a02beaa3afae37bb936c3d799408,Win32 EXE,Resur,Malware,Win32
35687f69bf8e7d12d066ba12bcad5bbdbf40ae5651a54ab18a4d5636567b27cf,Win32 EXE,Spnr,Trojan,Common
3568813a525bdb94ab116e09640d6374e31674ac38bf2597a78608ff95db8628,Win32 EXE,Lumer,Trojan,Win32
35688193c8b277f93012570431f521142bc3c0f3cf3a02b5cd866da5989f7fa2,Win32 EXE,Berbew,Backdoor,Win32
3568821860ad1b13677b6282cf907bd9c53d130cbda90a5adc05fa5da3de6e91,PDF,Agent,Trojan,Script
356883645b395e3acb07bd9e7894049268139fb4a2d4933ee7b7e7635a735e03,PDF,Agent,Trojan,Script
356883d1a099f3499c3c75dcc48a9bf61dabe09864876b0676b58c7ae9cda6ae,Win32 EXE,Spybot,Worm,Common
35688436fc6af71c7d08afba4ceed184bcd005f7b17347cfae6a0f6ee5619620,Win32 EXE,Vbna,Worm,Common
356884c87976c22735d81ff1605779dc2b4ce3a20c0145d3042158bf7c1f2e8d,Win32 EXE,Resur,Malware,Win32
356884d609928b1cc437c15d47ca05f24b6fabd8be9897e24d50267d8b031ec2,Win32 EXE,Berbew,Backdoor,Win32
3568886099af56b09f69a2729c9dff4758f3024daaf997e7d815d0d155c6fdf2,Win32 EXE,Virlock,Trojan,Win32
356888c21ffc629e13bc49630fe6f9a310104096ab675e25de3690d9a0a6de0b,ELF,Mirai,Trojan,Linux
35688989f17f9659be8d36568d1d054858c09b9a029e9984b756b0e83fbd52ed,ELF,Xorddos,Malware,Linux
35688a50b88bde2a1647f1984fbba8fa4129ea5e2d7abcbb44849754671a59cb,Win32 DLL,Gen,Trojan,Win32
35688abcfb45d6888f046fe9d18373aacec2a3ea3d8b310895b37e1b49735e28,Win32 EXE,Spnr,Trojan,Win32
35688ca0e451c89345e03b15695824c8b09f29ccecb4b609d16176506783d018,Win32 EXE,Vobfus,Worm,Common
35688ced99419dec536cfb30f94ba8c35ce954b213c67de5c46ba83b495cf791,Win32 EXE,Resur,Malware,Win32
35688d203c113abb93c3bad675288bb723adb45f69ab4e012bc1b25efc18d6f6,Win32 EXE,Virlock,Malware,Win32
35688dd667341c2fc0770539153c783042977cfaae952731bcf5be821caa6b1d,Win32 EXE,Vbna,Worm,Common
35688e164d26609ca39ebf55a72660b5708e3af2fb2e8f853e8fa9acefb9739d,HTML,Faceliker,Trojan,JS
35688e4a0cd4e13a2a3b2a69e1be416961aa8785a5c08cbc863e773847610255,Win32 EXE,Gen,Virus,Win32
35688eb37e1b03c3765c267618e299a3965301090677a511054e2508ceb07346,Win32 EXE,Cuegoe,Trojan,Common
35688fad98cefe109802b5aec75213efb2762fe14dadb6800b0d21fe1845f817,Win32 EXE,Agent,Trojan,Common
3568900e07b9db655113fdcfecb25ecf6b6b7e2e59af1bfad239947d54ebd38a,Win32 EXE,Gen,Trojan,Common
356891667cd386ef3a3d767a0eb0acf53288665b1d3738011b8bf4df5fc10cb9,Win32 EXE,Virlock,Malware,Win32
356891cbf06c79949985887187377b3edbe733ba77dca088a306148731084c16,Win32 EXE,Spybot,Worm,Common
356891e153e9bc2ff31b38e6d7823bcb7dc0485249aa13e0bc0a142e5cec1f1f,Win32 EXE,Gandcrab,Ransomware,Win32
35689245ec0de0a32ecf786c565989ee877a81c721b75d2344d5a1421e029ba9,ELF,Xorddos,Malware,Linux
356893e2e12169f504a94d5853d827bc8bba5776f607ecad01068162f61c9012,Win32 EXE,Resur,Malware,Win32
356893f5d90ce2d7dedba55bd39b6d9d736aff9efdba28b8ca14bd7cf28e214d,ELF,Xorddos,Malware,Linux
35689443a55d7cdd5fb77a88f8c75e63678aa5946abdc26c976015128538bad8,ELF,Xorddos,Malware,Linux
356895b20f7490b5fc981e6c20aecf8a272e961d0b45c7b1fdd61cf5c239dae2,Win32 EXE,Spybot,Worm,Common
35689a670395337e1aff7e4695f0650ff496aa95c83799db2939a1412802d875,Win32 EXE,Spybot,Worm,Win32
35689b8cc56424e1a4d4e95520430d38f0ec7703a5f384646012376171717a6d,Win32 EXE,Vb,Worm,Common
35689d7bb059e7aec5255005847409e678e746730a94bf8660de5eebbf98c962,Win32 EXE,Virlock,Trojan,Win32
35689def86eedd9e0dfed43812e53d085299a7097d402bc8cbdef7793554907f,Win32 EXE,Antavmu,Trojan,Win32
35689f5cc9b4b69c8ee53ef40aed502d91e43ee505c6823c3048a3814ff97937,Win32 DLL,Sality,Trojan,Common
35689f602c21bea64046e3e07f0789ef3af9c9704601e6095e431abbeb66f4f3,Win32 EXE,Gen,Trojan,Win32
3568a0335bdd7c6eeec6724f4e51c7d31ad7149bd4365341b68059842e095807,Win32 EXE,Vb,Trojan,Common
3568a0be971898c54415526d6575607f2d698b126210ef42c4e79cf2abf7ffbd,ELF,Xorddos,Malware,Linux
3568a1bc157534da226bfa1da2329d8aae30c704c9b91ed24e464e4799c09a2e,Win32 EXE,Drolnux,Worm,Win32
3568a70047c338e1200e9dda49b6b3595ae0b130a5ca51023710cfe2df466c9e,Win32 EXE,Gen,Trojan,Win32
3568a8ae5376131ba80c9abc21f6041c3fec7b7a6d630a33c5d141b5f021c480,Win32 EXE,Upatre,Trojan,Common
3568ad1b9fae43f5334d0da179087db8936a2209dc86d67da670428c8a108fb7,Win32 EXE,Virlock,Malware,Win32
3568add9607e8c463df32bc6834512c33b035de841c5df7f95ca500daefbae47,Win32 EXE,Virlock,Malware,Win32
3568af00477373a357dbe81dddb27bd44fcf24a8ba32bccf529a25b28ab46129,Win32 EXE,Agent,Trojan,Common
3568afa68108f6dbc284aa9f54b23e2896fb01bf7eaaaad59e6adf0e1827647d,Win32 EXE,Fakeav,Trojan,Common
3568b10a591966131cf1ffbdf111ea3bb5fa87b410233cac6063bfd495c399f2,Win32 EXE,Neojit,Trojan,Common
3568b570f26f609388b6f1e961c6bf10c4fc355449afee5aadbb2adf04c2bafd,Win32 EXE,Bero,Malware,Common
3568b615bbe722502367c753527166fc8cf9a4ff02d34057d5786c21369617c1,Win32 EXE,Looked,Malware,Win32
3568b81983b225ebc55809a9eb4ce41cf54b5f200c7487cd44207f1dd5bb9674,Win32 EXE,Virlock,Malware,Win32
3568bb43b61ab00f18fd8030e9a083ad60407c8375eb26593253b83e05cc5d7d,Win32 EXE,Gen,Trojan,Win32
3568be42aa2af422d8aac6acda624e3885369a0a6d0b969b3b026eb7fc6a86d2,ELF,Mirai,Trojan,Linux
3568c0900955e5dc0cb73ecc2930a92696cb4f5482b6f39ab54c304347e450de,Win32 EXE,Vobfus,Worm,Common
3568c103244a241121c1e000ab1a98499efc835d87ba48f12ba85baf18295c4d,Win32 EXE,Virlock,Malware,Win32
3568c4c08dd60fb7b35699875c9c54da3ed35a49eac2587b474e776e56c0dfee,ELF,Xorddos,Malware,Linux
3568ce5bf67c8c6242b5ccbb0fba9f1c5b817235f20287793a747af7bf3b8702,Win32 EXE,Virlock,Trojan,Win32
3568d017c221759f93ef6d0e710dae11f6d6082362393504e06c91dc9388acc4,Win32 EXE,Virlock,Trojan,Win32
3568d2e756c2642151106a8ecf4ec065df60dd6cea8631f87ff7b1347d227aec,Win32 EXE,Fujacks,Malware,Win32
3568d3134b87a4b21c99921404d40dc7c83a4ccd0f46de93870fa835b32a3dc5,Win32 EXE,Gen,Trojan,Common
3568d38e2ba17d60659729e66fe830d7141cbcea999e09470c8cc6a421311c66,ELF,Mirai,Trojan,Linux
3568d421281df5c1aba9685ee31191edb6dcb2782fe694c0d1b6dd2b1d2c8a7b,Win32 EXE,Floxif,Malware,Win32
3568df924e6966501cb1eb93dd6581de3dca2e228e455676d4d826b165919619,Win32 EXE,Malxmr,Coinminer,Win64
3568df9e184e980236046d0024035dac3c177a7a4860ea0a133334dde0b73c6b,Win32 EXE,Cuegoe,Trojan,Common
3568dfd9de0905c2e29e39f63620611b7d13681f1917c140079f998d62dbb43e,Win32 EXE,Virlock,Malware,Win32
3568e2f211b58704b5058d68f5b46ac18a314b2f297a4d8bc7b3d74c90e7f6cf,Win32 EXE,Delf,Worm,Win32
3568e6322a72366fe6f8e93853a5228fc6dc71a9e261c09e4ae06f93b3b2c87a,ELF,Xorddos,Malware,Linux
3568ebcc504a171b83ea99f7411f0abf4f13dca6230fb3294c481ac2a223f02f,Win32 EXE,Autorun,Worm,Common
3568ed9d87ae7dc9cca9e15f9506402b6c78a016bb6dbf4af3f3f542027f9276,Win32 EXE,Berbew,Backdoor,Win32
3568f29c8f2d9f467638088f8a4a5f7f333a4b1c8f405e7a5e677150ba2ec58b,Win32 EXE,Virlock,Trojan,Win32
3568f2d60f452a1f96bf4f0cb6b0b783943b6a22913ffac6bccbe1447756213d,Win32 EXE,Miras,Worm,Win32
3568f2e23a3c7f4033470e147868f751012f2425db2c3428b0d2650e0b85070f,Win32 EXE,Nirsoftpt,HackTool,Win32
3568f679514ce8aee7c8fcb34a755f6a4f0da370e3853678e00df7531077f9a1,Win32 EXE,Virlock,Malware,Win32
3568f9a65131341172218451822c94da2e0cdd4daef6ea39dabd6cc10b661731,PDF,Agent,Trojan,Script
3568fa4ab60eb74a82a606ec5c4ce6dd55ca7cae4ac093ba84621470cdbbb075,Win32 EXE,Gen,Trojan,Common
356901e4744413272f5e71cde9b21d882e8a283d17d60cdb46d59495a82401d8,Win32 DLL,Dridex,Trojan,Win64
3569047cde3984ca2c2de403e798550454ad1f78b395321c626698fba456afc9,Win32 EXE,Vobfus,Worm,Common
356906a01e6764976c61954e2227fe81bcc00a30aa7acae54c8db64b8cffaee7,Win32 EXE,Spybot,Worm,Common
35690ab8e52c5817e5403cda0ab86efa4d9512dcc5e9074dc57d8b014581e2cb,ELF,Xorddos,Malware,Linux
35690e34cbe91e6e5388cd48fa283add001ced94d5d9560b1271a2f61e033d52,ELF,Xorddos,Malware,Linux
3569108b46e3506f886268511d636a3e8acb6b410ab85d4d1bc900b5cb7ce5b0,Win32 EXE,Spybot,Worm,Common
356910ebe3959883d4be1d567db792f7a0d10e7d03bad5fbf34c21ac7a368376,Win32 EXE,Gen,Trojan,Common
356912e194e9744b45b2dbc564653aa6b867d6879b50750fe86d0c4751041215,Win32 EXE,Virlock,Trojan,Win32
3569181317de6dac35d9d71deb401bd9f7b8aecc22953ce1569c22372476a4f2,Win32 EXE,Gen,Trojan,Win32
35691ae45a95396d282da20abc6f1874f3ab89a8663e3252d2079e782247715f,ELF,Xorddos,Malware,Linux
35691ceb30d315c4116d3ea73a7e33a4cb6ab4ed3291380df85cdc144fc18dc5,JavaScript,Coinhive,Coinminer,Common
35691d2d968780707cc6035a28ddc4772255a9d53687639191536ee4064a3600,Win32 EXE,Fujacks,Malware,Win32
35691eb80078e3c917d25d83322d2c317e7d8849812f87020e2aef6a7197a111,ELF,Mirai,Trojan,Linux
35691f2e0c6645b2730b3343fa1bacdfb49c4a598332951ed3b5b96dad52cb5e,ZIP,Qakbot,Trojan,O97M
356923bcee218c7715eb6acd5cc70f4c44e35d6e86e242c822c8f4a11c41e56c,ELF,Mirai,Trojan,Linux
356923c4e4b36b3aa23e447aa5bcb26046c280e71022d2feff1cc1b9053e1326,Win32 EXE,Vobfus,Worm,Common
356926a3a21dec2ed3ecba059bfa495ce44e8c6d4265e3e993b2c74e589d0fda,Win32 EXE,Lamer,Malware,Win32
356926d2504d7756c2e78d48c90d20e1730ae27b9db0017f6ab9afc57c956759,Win32 EXE,Spybot,Worm,Common
356927b24728120375762d8cfffaac4a8929674bdd69736f0ba511ebdad7e27c,Win32 EXE,Gen,Trojan,Common
35692903e7c464e059f2c7dda38f8e4eba5c9676f598104377cb2c5e7eefa792,Win32 EXE,Sytro,Worm,Common
35692fade43d7354440504ca3ad07bc31e2d231fe41c7fe15302cb28ab505b33,Win32 EXE,Haperlock,Ransomware,Common
356930167752c1d7aa9fa3e5f66bd814ca6134bf038bc3d1d937bc351e019453,Win32 EXE,Spybot,Worm,Common
35693281f07fa7b688246bac86a2b49bb9e968f60ce2034c119d8fdfc38b868c,Win32 EXE,Virlock,Malware,Win32
35693543b0349a2d35e22d6ddd65dccd3f0d5806fde5caa1aa313b6ff6915cff,Win32 EXE,Stormer,Trojan,Win32
356936033aefa60e8708bbdddfbf6c8c691acf52323bd313df7444d71b15d8fb,ELF,Xorddos,Malware,Linux
35693605b1c6ef7caa55f4bd37f4563be67c857e06ff1400bbe472c587510914,ELF,Xorddos,Malware,Linux
356937476be269cfa9a96958b5c009f9c3df6c624ee0edcdfbd81acbe7593c48,Win32 EXE,Vb,Worm,Common
35693ed62f182751b51daf8f0c9124c86b6a2e6fc3c3ad7b200e27fed5cc5016,Win32 EXE,Gen,Virus,Win32
3569413779ce188e9e40277b2a6baba254e568e2f5269e840f0f020bcebe878a,ELF,Xorddos,Malware,Linux
356943c90c75785f3be90962340eefe786aa9cb75ec27e09c5d1469667ba7f41,Win32 EXE,Hpcerber,Trojan,Win32
356944b9940ef791865b2c2b60a648ec0456892ecf6eeb6898b2393e91b83bb9,Win32 EXE,Miras,Worm,Win32
356945fd684c5b1a9fb81043f63162245a5a1515785cfd9d4408ce7b3d1859d5,Win32 EXE,Spybot,Worm,Common
35694c01670ba9c15cd2e17eceaad3e6e6a3976a6742a49bb82ecb073df8a88b,ELF,Mirai,Trojan,Linux
35694c5b0f4c6418fac337cf887781344223a644ce2f2a674d56fec350e95cd2,Win32 EXE,Sytro,Worm,Common
35694dda6da3ab1a69c20742c7b04065e56fbaa7ee425b39b195ca6b4971f14b,Win32 EXE,Vb,Trojan,Common
35694ea5680cbf18914b7b51192bca2be3a34efadff8b1ad03e383ad3dfac17c,Win32 EXE,Resur,Malware,Win32
3569510dda834a54097a61ab5bd9c3a23c612d676f97c8f3d0ed2781c4e20afc,Win32 EXE,Spnr,Trojan,Common
356951a05c5c7d59e2e483f35329becbc5867e4d1f0963fbed9148c44e07613d,PDF,Frs,Malware,PDF
356952e987fbd80b7fe25f6780db1668dd058def23fc6667b3d6ad262d787ac5,ELF,Mirai,Trojan,Linux
356953e99e1eb544f84a622628a3a235dd21fbc6ee15a76272c6a29799706a6f,Win32 EXE,Spnr,Trojan,Win32
3569566ec14a112c4347cc32149e33d8e7e5f5a5f3121492e6597f4e95c0bb3b,Win32 EXE,Vobfus,Worm,Common
35695c52f688c52ef135d3a8aa10e488badaef386622142f2af8d05e2e8d4a8f,Win32 EXE,Wabot,Backdoor,Win32
35695d3d2a3c172e8241fdb1f74c0e8f724a7fb3cf6ef3975fb9d58caabd0821,ELF,Xorddos,Malware,Linux
35695d5ba55a04e878599debddc6845bc4a1c9296414d89452ec2289084bb9fb,Win32 EXE,Resur,Virus,Win32
35695d71a63dd1ceb1d01638135b41eecd3330844b16da633279d0ea6084dc11,Win32 EXE,Virlock,Malware,Win32
35695dda25229a6c111dc2e6e222f75323b6b3b7a6fd27ec50fbb7b23837074c,Win32 EXE,Wabot,Backdoor,Win32
35695ddd1da006c8ed1c40c71bf24f30b75c92354137a95783c867e5e36385db,Win32 EXE,Vobfus,Worm,Common
35695df565be29d184bba5bfeb2fc1db84d72dfc6deef25a03d1db954e794f56,ELF,Xorddos,Malware,Linux
35695e14f5b01dcc8fbcaf596369337656febf01866b533f20d4a2dd659cb576,ELF,Xorddos,Malware,Linux
35695e95611b0fd3d1072470d2c87c8ff5c6098bffe66d971b3318ed75d69f2f,Win32 EXE,Resur,Malware,Win32
3569609ee636b852fc2d1fbb4d6148cdfcbd9fdbb216342df4393ca748d0b4cb,Win32 EXE,Spybot,Worm,Common
3569629130ff0cc678530edc6a00bf0846b1e4efc968e2d16143417c010218fe,Win32 EXE,Neojit,Trojan,Common
356963c33ca69800a061c806112cf3427ab96a2c9512011e70745657045fadee,ELF,Mirai,Trojan,Linux
356964223c8b8a9f260113e9f35261f13410a225b3868d8a029a34fabb80fe91,ELF,Mirai,Trojan,Linux
356964cfeea6d656479d7700ecfff1f6857fa806ec6320c9f4cfcd6d38680b27,ELF,Xorddos,Malware,Linux
35696d3b45950a4538bad52facbc6599e6e4ea545d31780dda3e845877af648b,ELF,Xorddos,Malware,Linux
35696e2fae80674ea84fbcdf0e2f7bb5b8e7bcf2e081520ca1ded0294cbf8cce,Win32 EXE,Gen,Trojan,Common
35696fe2e8478e68fcf45c1758f6d74fb537c1918c184a7195e80859e518aff8,Win32 EXE,Resur,Malware,Win32
356973f8f15ebc1b2993bb9060bff5a72aa34df601f7f2214dd5216eb477a6c7,Win32 EXE,Gen,Trojan,Win32
356975bfe2176e0fa7b2e034295473c668d60d92772e47fa2cb6c18ea93d3486,Win32 EXE,Gen,Trojan,Common
356975fe0712139f66f3512ba8683e0865ee034bdadddc0b6d57712411227877,Win32 EXE,Sytro,Worm,Common
3569768647501256810f8164febc63c29781555ba7ba53a2d67de6a095c7c681,Win32 EXE,Pak,Malware,Common
35697e3e9d8e628477a0d9160ed80b1177432e0ba90cce36065bb6d1cf044511,ISO image,Gen,Trojan,Common
3569850b5005c729851d769a8a4700b1e33d342b5e5fdd15af8765f49966f4ca,Win32 EXE,Spybot,Worm,Common
356985365d9073f9013aa22905a9206cad8cbcc67bacdc23c023e38ab586d58a,ELF,Xorddos,Malware,Linux
3569860e70b9ca9b271412d4d8ee1082c1393484d371878c0f2eafc7bb8ee356,Win32 EXE,Vilsel,Trojan,Common
35698765e46682afa69e5fd1ed8c67eda69d3f0613272eeb71c6878ab0ba037c,Win32 EXE,Virlock,Malware,Win32
3569889499176a462b8b58ff4755d39c653e70c1a3873a2302b60fa07b4eb769,Win32 EXE,Vflooder,Trojan,Win32
35698a10ea8234c72b2c9d15b49ce6eae59aebe0de926b6ac98575087da9de6e,Win32 EXE,Bero,Malware,Common
35698de6b00eb08fcd00939c7033f15406400d4eed0f7cab1fa6fd5e956fec11,Win32 EXE,Virlock,Trojan,Win32
3569923daf984a8e546adc4a5501ada94121201a09bb27a48e5d065a2b0986ff,ELF,Xorddos,Malware,Linux
356997ecfab736fa3920e41a60574c37e7bf6079d680c46791badd725660e938,Win32 EXE,Miras,Worm,Win32
356997fed481211819ea03b5e98c1b351529c078219eb89d692212144490c43a,ELF,Gen,Trojan,Linux
35699b334e42bc0b4f40950a60a8fd6c68942dc81a9b38f8ea2046cc0250da53,Win32 EXE,Vobfus,Worm,Common
35699c6c641fda134fc30877a5af57fb7c9b254a167aa27c60b49b9e5f81d45f,Win32 EXE,Spybot,Worm,Common
35699cf0381ad275ae394fdf5e5207416a5a4062923c671ee822735c31c5c3e5,Win32 EXE,Eggnog,Worm,Common
35699f53d8083f327a7d950aba221bb6cd2e29c8d57f273dd030cd8d6d5946ce,Win32 EXE,Autorun,Worm,Common
3569a4d204aa985d78465bcd91540f93f344bd3853947b1af7d00cd2c06bca43,ELF,Xorddos,Malware,Linux
3569aa27564df55a5daf7ab1c5fa2eaffa8598cb431305a35be144a963f724bd,Win32 EXE,Sytro,Worm,Common
3569aa291b0c8e205193962eccdfb51468855d0fd79e24cba9da784034844f85,Win32 EXE,Gen,Greyware,Win32
3569abf210644d5efc1dcd20a4c5e5178ff2ef638c7faebbe9dc5e8a11430c6e,Win32 DLL,Gen,Trojan,Common
3569ac80ec1b9c317a8dd10648adae4c869e698d3a245b634fa8b3897677ee0d,Win32 EXE,Virlock,Malware,Win32
3569ad47c195cdf939a6be61cbff88717da366cd9126b3ecffe497cb70c3784c,Win32 EXE,Rtkt,Malware,Common
3569ad5aee60ae44165f99d0843bb99e7980c2d5eb8c56d784778ade143acbef,Win32 EXE,Fled,Malware,Win32
3569b2f61fc054c477a5ab04be03a907f8037d21632c4c23c64f33eb93d7cb06,Win32 EXE,Virlock,Trojan,Win32
3569b4e79c48062f740c3228cb3cc9ba601da4bf41f56d749e954eecf0f77e26,Win32 EXE,Gen,Trojan,Common
3569b6abba85d8b888339654a39ab333590709137a3bde141acfae4adeb3559a,JavaScript,Coinhive,Coinminer,Common
3569b8fa8fbd29d1fcfd8f1e32f2b012c63d02076b7b8db38a08ae752f172499,Win32 EXE,Vb,Trojan,Common
3569b9ae9de676a3676f31b3503f2aab320aadfa4c8fbbde50b8e0b9cc6d8294,ELF,Xorddos,Malware,Linux
3569ba4547fb35a7917d69cbb4a63a98552ad2cff123b68b237bf742f767c208,Win32 EXE,Spybot,Worm,Common
3569bb63123e3d8ab6ef50fa34c91bc9f3b9559bd16879623bc0dccf46405366,Win32 DLL,Gen,Trojan,Common
3569bb6af97e18cf621fc72900c2efa434f2dbcb69a7e67061e84c9a87c61e11,Win32 EXE,Shiz,Trojan,Win32
3569bc6ed2e405edc762e5170c24c37e9efbaa26e4aacc12ab72ac752810a73c,Win32 EXE,Miras,Worm,Win32
3569bd0d654e00f1657ec11d04fbd7d51edda378250a914f2ad30f3d5a334f5b,Win32 EXE,Vb,Trojan,Common
3569bea7f07f6c270ee897f7589375dc8302c8f580994e057a22e249415e2a4f,Win32 EXE,Gen,Trojan,MSIL
3569bed242310357983bf9bc2d0f5130a27238456352501fac92605995cf6f4a,ELF,Mirai,Trojan,Linux
3569bf8f303ab82c9db25fcf5daebcee3dbda0c9e1b29854fa8faa0a8ad0e269,Win32 EXE,Resur,Malware,Win32
3569c0592f3ef5f7fc2636f8a3c4246a308bde81a8d6f4d0cd432af1f14dd817,Win32 EXE,Vilsel,Worm,Common
3569c7631fa72b6019e4c049a1ab91a5f2eff6e0b4bd4d4f8e4bbc36fce5583c,ELF,Mirai,Trojan,Linux
3569cab8c8944176297674b5d6320ee02781b6d7c732c61ad4df74f7b69049a1,Win32 EXE,Agent,Malware,Common
3569cf9f7f5c33f344ab96816ed272a39d9989060098b35b52e8e2f3e5d9f889,Win32 EXE,Vobfus,Worm,Common
3569d007c8e59c7061e66da13d2a081ed129fc2c011469e26bc94d723e332eff,Win32 DLL,Dridex,Trojan,Win64
3569d0521287c54c8b4dc67539dfa03d9f0a1f68a41d22c6d29adb5ad88b4a43,Win32 EXE,Mydoom,Trojan,Win32
3569d39e763c5279a375abc03f386bfba9d2b1930b3fed93e553660561e89bca,Win32 EXE,Vobfus,Worm,Common
3569d5ca17ad4eebd01c40189c270ebc32b93c639f42c3e5cc9672d70c6dc79c,ELF,Xorddos,Malware,Linux
3569d6a6bea931761c9371935b81258c73843c23f7ccec742b09ead78387fbea,Win32 EXE,Mydoom,Trojan,Win32
3569d7316e90d7779a2c5445318dc2c56a500171f7af1139691102955918b61b,Win32 EXE,Agent,Trojan,Common
3569d83e213962d09bf4d09a0619bae001ab0907fe535c9692424870e9c4d2af,Win32 EXE,Pykspa,Worm,Common
3569dcf57bf94eed840c75c6f4290b8d5f195059d2f82ad51f4efc57544865b0,ELF,Mirai,Trojan,Linux
3569e1b557d5ffb208bc789d90114005aa137d882170268924355cfdae5b4682,Win32 EXE,Vobfus,Worm,Common
3569e68e8511dac52c689eea1837fb6608167e318436e03c2c6756dafe0596ab,Win32 EXE,Lunam,Trojan,Win32
3569e6e5cce4093b37c5a0a151adb8ee4dfe6a806549e9c3526f8b8f8a7cb12d,Win32 EXE,Gen,Backdoor,Win32
3569eb1a85059fb3cf57c862bbdfcc29b7ab45f49d9425dab7bac36ed174ce50,Win32 EXE,Spybot,Worm,Common
3569ec44dfb49360c668de123739d850df84b288524360d66f30a5b60f3862da,ELF,Mirai,Trojan,Linux
3569ecac9deb3aa7f6e3c41912ea4a7bccd6a0b11a79eaaa75389fac7d1dbc46,ELF,Mirai,Trojan,Linux
3569f0dbb278e4e5b86bd98c087ae9ee9234e7e926fa535cfe4e271cdd5e091b,Win32 DLL,Gen,Trojan,Common
3569f3630dcb8156273f2c03300a1fa1de6b8ebdb6726628460aea7e00e391d5,ELF,Mirai,Trojan,Linux
3569f4f23ab0d3376386d51145db576f256d69e962ba1fb3a28684924e0a5459,ELF,Xorddos,Malware,Linux
3569f549bb567ffa4664d7c4168cc185f3ace2badef25aede3df2d14659e095a,Win32 EXE,Fujacks,Malware,Win32
3569f83bfd03b18440c71515dd314e77f45a332d624ff76f16b7a3a5450ccd1b,Win32 EXE,Spnr,Trojan,Win32
3569ff161046885b5431bfa5d5cc33830b502674648879deace5d712599f1f17,ELF,Mirai,Trojan,Linux
3569ff583a4ef86d5d70ae4ad992274c955030460d87802e5d259a1712936de8,Win32 EXE,Gen,Trojan,Common
356a0091b387187b374556d1a48ddfb531967a75d4c1be3f647b30b316d0231b,Win32 EXE,Virlock,Trojan,Win32
356a03803a605f6b5aacd44e7bba7a8cb5ae4675c0cc01508464edfb1d2c942a,ELF,Mirai,Trojan,Linux
356a04ae575e2c7061f30c1290ca051c6fde22866776e5203b95eef94d22cccc,Win32 EXE,Cuegoe,Trojan,Common
356a08da61d7aa5be17a0a4bf311c7158de538a724017113c155ad667c5cb142,Win32 EXE,Gen,Virus,Win32
356a0a56b8b240c1ba49bf4dff6d3062c36c23699f88765b9653b1b8690a228a,ELF,Mirai,Trojan,Linux
356a0c1b745d6e617156fb2b0720658e2547c55a3c825bddbd9c298756e8805f,ELF,Xorddos,Malware,Linux
356a0c36eb446eaa1049ec47dc6f42d86d7a34ff538272ec1dc6b992bab62d80,ELF,Mirai,Trojan,Linux
356a12d9e9154899a54bb7591a5f636f4baf3b59a91d11177c5eb439fe5e8a9d,Win32 EXE,Resur,Malware,Win32
356a137cd403c4f84ec9ee012d67f43c15d994ee44f3c9b75f58bb45e0aad3b6,Win32 EXE,Spybot,Worm,Common
356a143bcb8528f0632f61f43e0eb404b58dd962573c390add3d4e59c3475248,Win32 EXE,Berbew,Backdoor,Win32
356a153bee10f6ff777b7a4cf7acd4d0b1c77d15246fa38e2a14747c61f0d23e,Win32 EXE,Virlock,Malware,Win32
356a18181ee12431aa7b49a5d25409c82bc1c2fdfd76c2188d1b079b8043e070,Win32 EXE,Fujacks,Malware,Win32
356a196fd66bb335b4d0759601c076003c3c316958d7623fc23b4be173b2c6fc,Win32 EXE,Virlock,Malware,Win32
356a1a7d958a013663442e4da1c9857b295a410d81b7a5d8edd50e312847937c,Win32 EXE,Gen,Trojan,Common
356a1ace46f9f0fb150debc4fb2b9aa56f8c60cd26ba51b61af453af284359cb,Win32 EXE,Spybot,Worm,Common
356a1bcea44b1cb43381e261b7484a937a0615153401fa4865efe9d94be358b2,Win32 EXE,Spybot,Worm,Win32
356a1c35e931935dca8359cb2c255cdf4fe788387017f3c25c8b58e581ded62f,ELF,Xorddos,Malware,Linux
356a1c8bdf98289174bf17c008204bf455eee641ee9b471fc00c42ae8b79a137,Win32 EXE,Vobfus,Worm,Common
356a2475d95917be2fbd1fc502a6fc48a9a8d025e1d889c01797f64ff7f7492f,Win32 EXE,Gen,Trojan,Common
356a278b3f63f966371fcc155c96fe0d5c29259b84ca9793b6212a0ca751427b,Win32 EXE,Vb,Trojan,Common
356a287b5d0b9a308891e6a5ac468a7642022ca39af60c4f000761d82e4bec29,Win32 EXE,Virlock,Trojan,Win32
356a29b3b631ae8c272474977fdbd2e89e0ac49289b1a4c275229967a781a3bd,Win32 EXE,Gen,Trojan,Win32
356a2b93e306dfa5a6f7923819934220b8ce0fd88aa57aa73a650ca7a8861df4,Win32 EXE,Vbna,Worm,Common
356a2c66583ccbdcfb95a2402b50adaed0ebf895a63877292cc796bc83ab2d46,ELF,Mirai,Trojan,Linux
356a2cb92a2657c7fcd5c3beef0c90ade25680fc7cfe93baa5b21265a0e29d17,Win32 EXE,Fujacks,Malware,Win32
356a3830440fd312f22f1fe13d1163867b1f78ee4d7175b9cb666b9dc776d116,Win32 EXE,Gen,Exploit,Win32
356a3f70b8f78e41e95ada9cdde46e00ea1678e84c9d31d8c75f7f83d40e1ec5,Win32 EXE,Autorun,Worm,Common
356a420a499b2114db498fbe2fc67c3170018914722dd33461dd249d595435d2,Win32 EXE,Miras,Worm,Win32
356a45301bcd499ae0952383321e67805d5120d79f7672b6c1e09ffdda212996,ELF,Xorddos,Malware,Linux
356a4adbfc500b8db2a793bd897eeb7db1e8e4558a8567b0d037fcf830d31640,Win32 EXE,Gen,Trojan,Common
356a4d87e64aa5db9b11cfc12af58bcbf3340c887d9b161f5e9ca04c184acb4b,Win32 EXE,Gen,Malware,Common
356a4ddf1ce0a1357f98e5d5b4393cc4c301902260622c4bb0407e6c63be34c9,Win32 EXE,Miras,Worm,Win32
356a4e896435223698053dea45775858cbad0b457d9d443b37541a1283ad61ef,Win32 EXE,Vobfus,Worm,Common
356a4f16f7cb4c01569338e00426345e14b3089d75e31f06bfa6fe5c76927615,Win32 EXE,Virlock,Malware,Win32
356a517806884c0a68dce2ff25e02240f1482a77c999c56134036dafd9f5f00a,Win32 DLL,Dridex,Trojan,Win64
356a563525c013eddb5b37862fa45b6c7d759748483324777ae2e6cc641129c1,Win32 EXE,Spybot,Worm,Common
356a570c7b0909eda0c5424d0b565b509266d79917ebd086f07551c82e82e507,"",Vbna,Malware,Common
356a59f589a160d70b24923349cb28d300dbe66d884df01abe5f83da096c41dd,Win32 EXE,Vobfus,Worm,Common
356a5ae866d186c2625b51392c6931d0896c654555fa23b117fe9cc1a6f4a5ee,Win32 EXE,Gen,Trojan,Common
356a5c7b400ede6dfd91e2edc4808a7ffd6a502515ae169adeee09e883b289ae,JavaScript,Redir,Trojan,JS
356a5e5ed74d1b6eb771ede785f9ba180f3d48818583b4d8d35e92ced2c5d067,Win32 EXE,Spnr,Trojan,Win32
356a658f00a01677ddaa614ca1b167b64a3d1437e92245f289902c0b4bce28f9,ELF,Mirai,Trojan,Linux
356a6af5879a6ca52f04d3135377d330f4d873acc32bb7949de1d978ab0a4e46,Win32 EXE,Spnr,Trojan,Win32
356a6b72669fed29c01f7fc0dc25ff1d861da9ae0bc0f005d8788f8fb6d07a51,Win32 EXE,Autorun,Worm,Common
356a6ca9148cadf2afad5ffcb43cb382721f3fc31cf7f9144b8e348be88453d9,Win32 EXE,Esfury,Worm,Common
356a6db9596963d8660331d75e6a491431a2a0cf29ed6f36c8b14d36093a317c,Win32 EXE,Grenam,Trojan,Win32
356a74ab026f97d368b61a20d13b5ec655a29dab45fd5126f307441a44f1d10d,ELF,Xorddos,Malware,Linux
356a7611967e9262b04cacd7dce65a885d1cff4b5c1632a756a5a48e449047d4,Win32 EXE,Swisb,Malware,Win32
356a762d79aaa779e7e08a608ac99e901ffbbda1279eabec948b7270aeda1e8a,Win32 EXE,Spybot,Worm,Win32
356a7693325008da04768618be2305692be7db6339b12d2b172beb519766fc8b,Win32 EXE,Idtsys,Malware,Win32
356a7b7bb79aca08a2335bd3e3d24ff89a0ea6cee0e473ce1ee5df7715a0c0e6,Win32 EXE,Neshta,Malware,Win32
356a8034980d8b4ebf2cee4715e1e1159a87108df0a212a5f67b07596686d0a0,Win32 EXE,Gen,Trojan,Common
356a854c33b50f6460dffefd34ab5535907677dedb6947eb0b37ddaf6c09ce56,Win32 EXE,Resur,Malware,Win32
356a8565c231ffb172d33f0782731a0a66fd0a92d9d8ec08ca04ad93dbefe8b6,Win32 EXE,Virlock,Trojan,Win32
356a857525fa5f7d29ccd2c75661348ecbe7be6ae53a925767c1312d2676c807,Win32 EXE,Virlock,Trojan,Win32
356a857f69a357c55b23afa0d2454bd4d58f1d613de956f2ac842e55a57bb9cb,Win32 EXE,Gen,Trojan,Common
356a87ad22426ca67cc3d8492836376c5bad1f3be5498c81fce8f37042f74400,Win32 EXE,Vobfus,Worm,Common
356a885fb2142163f732bba7e6d50cd1a7af36bf056834cb1a2d2022571140c3,PDF,Gen,Trojan,Common
356a88c40cdae258ea87581188f14786cea21f570b6d523f5b196f482285e661,Win32 EXE,Virlock,Malware,Win32
356a89d4a98a3a557138b76f18c88fd994191ab2828917c221455be269345b52,Win32 EXE,Gen,Trojan,Common
356a89f01b1a2df77841fbee6a2aebef7c73ac9ce30e2c152d413283db933170,ELF,Xorddos,Malware,Linux
356a8ac4e4afd412842ddcb30c3e025f837805f2fc04f06d3ea7e99437c701ad,Win32 EXE,Eydrop,Trojan,Common
356a8b1144342bbb54d325f2f3b59283ca626e45fb7ac67f9038649ab9924f2f,JavaScript,Agent,Trojan,Script
356a8b979c03838212c210c0fe8c3b9d2f864c9dca70c206c75a0976753427b6,"",Agent,Trojan,Common
356a8d8b59eda55f3553b5ac429ddb580c3596ee904b9077b095b048b0482050,PDF,Virlock,Trojan,Script
356a8e0031a63ef74102665579c588608f7128d63e8a8aa5b82907f16fb504e3,Win32 EXE,Neojit,Trojan,Common
356a8e84fa7176ee0c55a7eef434ea4a9f44bf4ed30805525e8e5e014717224f,Win32 EXE,Sytro,Worm,Common
356a90490c83af5aa9060b7937e50b1d54b2ceb1b26adcf29da3a72f623c829c,ELF,Xorddos,Malware,Linux
356a92c8085ebfe2d6ebc7226ead4ce1f3ef30641da9b0e3d7f31403d7eb805e,Win32 EXE,Gen,Virus,Win32
356a98cb1d8c4a0a859ddb669278010b1d70046556c4f35091814588ab88f5b9,Win32 EXE,Spnr,Trojan,Common
356a9a5626feba299b160df561ae472b76370fe43c2d2d5e754ebb544ee5d94c,Win32 EXE,Spnr,Trojan,Common
356a9eb99812a33e240a388a84d55e647c07eaf8cef101fba5d1a8adaea4dcf3,Win32 EXE,Agent,Malware,Win32
356a9fd5d8f412318404861a475c5939299bc4a80bb4a4b3ef0b941306934d03,Win32 EXE,Gen,Trojan,Common
356aa6caf95e85b72d31f2ffaea97b7b9d17410ff21335835feb9e0a1367643f,ELF,Mirai,Trojan,Linux
356aa726990f9242a084000d9fef6742b2f618de5331e3a13167aebe1c3bcbac,Win32 EXE,Esfury,Worm,Common
356aa75f5a11127a3bacf5edf0f9864c13532f3cc4f001a0616a007b04d17ff6,Windows shortcut,Frs,Trojan,Win32
356aa8883bb35c157197d4487334aa15d1ef35097ee167259fc33217aa166b7a,Win32 EXE,Spybot,Worm,Common
356aa8939166d0f33523b4620968f98bef8db67bcc182a9647117c482a9da364,Win32 DLL,Gen,Trojan,Common
356aad323511f9e893e5a005c57568554941cdb5898abde28826c23fd60e87a6,Win32 DLL,Dridex,Trojan,Win64
356aaf1e586696a5a77dab9b61e7812c1ddfc5dbb3ded5aee62f3a08978a3c78,ELF,Xorddos,Malware,Linux
356ab056785550667a0afa3b94107c7f0720ae81c5c6e962508e7163d3731d82,Win32 EXE,Gen,Trojan,Common
356ab06e9b479133ebb8536b68f172a29f68f5391d2140f14a4a9261e88830cf,ELF,Xorddos,Malware,Linux
356ab4fbe4a99b90d9e15c06e52eba6f89e1e063c518f6ea22e9773db0b9ae78,ELF,Xorddos,Malware,Linux
356ab708ff6bc75001481237292a7128d63a319718412fa52388700c276c807c,ZIP,Qakbot,Trojan,O97M
356abb017c4b7e2daf9a1dc9fa2394b72aa83aaf91aff3c1a5ec7e767f8254b4,Win32 EXE,Gen,Trojan,Common
356abd08f16439876b932edb90e4b5baf393ac674888f79e4e75ffc2079b5fc9,Win32 EXE,Vobfus,Worm,Common
356abea8a225d5d136f38b9208cd92165fc5dc0d27f77fc9c6655f32b6d89d2b,Win32 EXE,Vobfus,Worm,Common
356abff9e764379576d99428e9ed4205fa405ef26be3fa01b5a3fc0f64ce1354,Win32 EXE,Miras,Worm,Win32
356ac1decd8836206acb9816e6409a3092a0f3a29b231187c9776e29288f064c,Win32 EXE,Agent,Trojan,Win32
356ac67953cdbf3549ba9dca113f6f363d34096786670cac540784c77cd9e4d0,Win32 EXE,Vb,Trojan,Common
356ac7622b6af8be4a2a77d73e556d816998a7eceb06d92e19330224314156f2,Win32 DLL,Dridex,Trojan,Win64
356ac7a327cdaddd793f5cdfe75269bab1ee98beb7ec2d6e05d5a7033d3bd8c8,ELF,Xorddos,Malware,Linux
356ac82c977a7c2069964c584318c617bf7e5152d0e6f53deda6e55bd3ae0a35,Win32 EXE,Fujacks,Malware,Win32
356acf11976f466dda26799cb8a7d892093f245649ba42dc4bb2d136a13843de,Win32 EXE,Mofksys,Worm,Common
356acff6664a42da457b30a3063054782f11e730f3a106c47a6c20caceae28c9,ELF,Mirai,Trojan,Linux
356ad3b0fcc6c1be636a49c4010b68e3a5a7ef672163b8b87da337e166cc6f16,Win32 EXE,Shipup,Malware,Win32
356ad582a66bee0c7d74d6faa9915ec3b4a31b2126c3da431d6b376e3b8bd5df,Win32 EXE,Spybot,Worm,Common
356ad60b6812f366f6984863710f662fac7dc4e24e993ef915fbed28d368d47b,Win32 EXE,Gen,Backdoor,Win32
356ad878d1ea33e9b2fc3aab48bc00245e01d5e225183559e03577faf4b7d736,Win32 EXE,Miras,Worm,Win32
356ad951b7bbf7967b2e937aa5015d02433419abf410d1aeb8b8972337dc9aac,Win32 EXE,Scar,PwdTool,Win32
356adcf2d183d8e000b3a5a2d4e688885d204457abeb4e853256b1c17bf3f096,ELF,Xorddos,Malware,Linux
356addec1f90d5b61544242bd3c19a26c92e63c43a46194c52f70324a14ef372,Win32 EXE,Malxmr,Coinminer,Win64
356adea76a37f4d488e7f828c05200ace17defd81f2e9f5e7f2da9054a611041,Win32 EXE,Resur,Malware,Win32
356ae21adef004275e0f0f78d7ca1e8c9ec729bb1797ca4c7d17bbffa8c4172a,JavaScript,Coinhive,Coinminer,Common
356ae3562f38f731c65bb195795342ceed17435fd8e9f690c9b536cc3b74e78d,ELF,Xorddos,Malware,Linux
356ae3866039148d3e9e59f76250b347c1ee7499ae643f1837c2c43d4eb33619,Win32 EXE,Gen,Trojan,MSIL
356aeea5f79a7ef0f6b8418f17bd7bf2057b805f699f6c097684ca5005964a54,"",Banker,Worm,Win32
356af3c758c93422842b75137bf0785a6a14d045048c853087dfd5617399b472,Win32 EXE,Vb,Trojan,Common
356af4df58e50f7156b30d348886d0a2cc28d613ecd1feac57f0840a2ce12c49,ELF,Xorddos,Malware,Linux
356af9e1c013e918d45dbf9b3265e74694606dadbc6f3e4d74d6ce76c9cc2141,Win32 EXE,Badda,Malware,Win32
356afac1ecdeed6e0c7bdbc8610daa530efd8f6b73e8c5368f8074d4afffee38,Win32 EXE,Spybot,Worm,Common
356afb6fe20278da4a5deaa64f7a58ad39d9835d8a36dbae9bf4dd8aa0a2b96a,Win32 EXE,Miras,Worm,Win32
356aff0d9057a0117e62a3ba95d9396dbea981af9fa15d03ddaeb6881f6d7d56,Win32 EXE,Gen,Trojan,Win32
356b00263371fa17a932db42a8a9c479b14ee5653f6590a2b4e6011c5cbc423e,JavaScript,Coinhive,Coinminer,JS
356b00b645eacfb91b75c9baa5bdd8874b45fa94bcd8ee610db099115ab283dd,Win32 EXE,Fujacks,Malware,Win32
356b010680a819ebb7b26786e3391754411b9657ed582d0536be005ce336905b,ELF,Xorddos,Malware,Linux
356b016e0bc527e1d8c0238fb098b373a34a7ce6ca237aaf7593e367ed84beb9,Win32 EXE,Vbna,Worm,Common
356b02d7bafdc0c96a493119375d62a6ff508f72e782e9754eb0ba04bc24ac3d,Win32 EXE,Virlock,Trojan,Win32
356b03ee302c92249a28baecad9a395d560d70b534b86151aadbbaa35ea77dbe,Win32 EXE,Agent,Trojan,Common
356b049a8b90906c705744870c7d83ab4216db056f176b024f7da36427fabae9,ELF,Xorddos,Malware,Linux
356b0566ddff1761509794f9f37bcba0224d6047ff4266900865d667e6fa340a,Win32 EXE,Fujacks,Malware,Win32
356b0bfb444eb661d4cc96f6c041d63d61f9301e4f701a72438f370450aa0edc,Win32 EXE,Vbna,Worm,Common
356b0d65bfb4d980c1f116d6cf6c18ed9620e77e3b3f7a2471ecb7883fc2dc9c,Win32 EXE,Spybot,Worm,Common
356b0ff1d272a465d71791bf12dbbf2baf225c2ae7d1f9217a4803b8071f8f28,Win32 EXE,Spybot,Worm,Common
356b1035a66a57ddb154d3b7a518d56370ae2744a24ef4ff0a1c86dd3bcd950c,ELF,Xorddos,Malware,Linux
356b117d7f1d5ac24fb0c7fa67d2f0813759153b060632acc4b118d907933286,Win32 EXE,Agent,Trojan,Common
356b124e10fe2493ce88f11c21a0dec6b4d63da764765a7bd6bcad56231d44e8,Win32 EXE,Vobfus,Worm,Common
356b128163b5726a987734532ad0962f389223217ce30b12bef4245f8fb33e9e,Win32 EXE,Miras,Worm,Win32
356b136dacaa5c97860a1aa5f0f20be1848ea3c7aec198a1285a136870ce5e32,Win32 EXE,Spnr,Trojan,Win32
356b16725e5e90458a1f7f580cf3fca1eb50d97569091073d7cf298e15007f33,Win32 EXE,Vobfus,Worm,Common
356b1900080feef967af2b58cfc792096404a8cffa0042334efc2f213b3e0b70,Win32 EXE,Upatre,Trojan,Common
356b1ba6a5f76a0bc21178349a7b95cb287211f7ae7285347ba8254827255cbb,Win32 EXE,Virlock,Malware,Win32
356b1be21d3c0cf12c80105a412fff03f725142214f68788496514be3f45702c,Win32 EXE,Gen,Trojan,Common
356b1c916987cee77e0fb5806ffea3187403105b7842dcc22a06b624f6bee35f,Win32 EXE,Spnr,Trojan,Common
356b1dd5ef8dc9dad63c5a3bc2c0c99ea2f2951633e986e474f464b3e05dde38,ELF,Xorddos,Malware,Linux
356b1edd314fecfcaaa6ab0f90b70a54df547ceb2377c3c3d3ee51132bf5f349,ELF,Mirai,Trojan,Linux
356b1ff0054cf4d8ad565bf99e2715b115c2f24b19280de7fb08300ea29f70d1,Win32 EXE,Gen,Malware,Win32
356b245461f40903aa031289bcc5948ce1cdaf81f99a694cd98885e9d1c3262e,Win32 EXE,Vbna,Worm,Common
356b248982b747b054b2581c41502c2827394eb0a02d9bda9fa02d97df15fcaa,Win32 EXE,Shodi,Malware,Win32
356b25844436fd9d7d27b14414e1a4e43d1b2ff7c0a560538c263458fae6725b,Win32 EXE,Gen,Trojan,Common
356b29be696cf7ba2c13afd7ce19225f5c78d8d43a5054505b43406c1a1cf75a,Win32 EXE,Bot,Malware,Common
356b31d60179d47cd62feb01e0e1d244830a8c1275128890da5abb529f7813d2,Win32 EXE,Agent,Malware,Common
356b32595433a2b508c70eb0ce7be20b79c85c24641506072fdaf82474dca8c7,Win32 EXE,Wabot,Backdoor,Win32
356b3d362803431314a2084c0dfb7f1c0bd7e579e31a557ae50ae0400178c114,JavaScript,Coinhive,Coinminer,Common
356b42953f4fcb26c3a7284203a0e9d9a6bd23d579aa688daeb4bc4b88733c0d,ELF,Mirai,Trojan,Linux
356b46caf766772d54b501909a837c749766f9cebc73fe62fd6abe5be8224c3e,ELF,Mirai,Trojan,Linux
356b4810838f83f8abb2107baadf94011f9a961d8bdf6de8b204c4cc07cdf94d,Win32 EXE,Virlock,Malware,Win32
356b4c9fa77b0bb4a37871b6df4cdd17dfddbca036c4a12c9b9dbbeb5245feb7,JavaScript,Coinhive,Coinminer,Common
356b4ceb637ac2bc73da960658574cfa530fd771c6a86ffd1afa04b6f53156be,ELF,Mirai,Trojan,Linux
356b53ead89cfd593ad83114cceb7efc177404aed29d10ea93709588ba26d31d,ELF,Xorddos,Malware,Linux
356b54828844145afd2aa157fe08d77f157223e1f5c1bc2a6f22204ecf431d6e,PDF,Virlock,Trojan,Script
356b57c27fb5fc69376e7f5427f6f52b1ce1591ae019bf138fc96e026df6f9a0,Win32 EXE,Gen,Trojan,Common
356b5967c7a2a0bdc61bc40ea3de39a090f00650a89789ff6bd6801d02f6db86,Win32 EXE,Malxmr,Coinminer,Win64
356b5d39e4928a4a23bcae6b53b099d5994b92eaceaeb76a2d5dce6efb2c1516,ELF,Mirai,Trojan,Linux
356b5f018b3e9d98791a982a1dc1e7277840102b0a4eb8349a81ab9dd03e4c22,Win32 EXE,Gen,Trojan,Win32
356b6267eab9c783a8e55005142729a1d21ca7e54118d0b75da93af1a468a2b0,Win32 EXE,Wabot,Backdoor,Win32
356b62f20d7e10b5a9e065ae6a7799e9ee146ad97a92f9f56e2323530558245c,Win32 EXE,Spnr,Trojan,Win32
356b63430e6d0a9ebde7e7dae712a6dbf162a4a166ad65ece92c8ec1840b8c5f,"",Gen,Trojan,Common
356b662cbd028e59250ff49f811d3610456b8b17dd32ffa30cbb19f9f161135d,Win32 EXE,Spybot,Worm,Common
356b68fcf1211c155dec9ec25f4ee1e8a9e02f8877ca78ce5c1d6e0bf3fbf32f,Win32 EXE,Gen,Trojan,Common
356b6ae49df42d51e809b51f5fb3127c1436f89176b3782799beedf13eec2b2c,ELF,Mirai,Trojan,Linux
356b6c4767a1f3acbf6ac35391e2f5e771557317f05ef17bce089fb56eb9bdea,Win32 EXE,Pluton,Worm,Win32
356b6d6c5c3ff1e17fb5f75a0dc6b72bda6f9a80b997f1f2082ec0580ac7679d,ELF,Xorddos,Malware,Linux
356b6d9c5fbd34592b9f88e422373955319ea4ccf9dddd916118a0d6bbe5e6c4,Win32 EXE,Virlock,Trojan,Win32
356b6f250a1b3373f7d626192ea950ee9edf13017dc79a50f5cda130627368a5,ELF,Mirai,Trojan,Linux
356b6f7b722673148500816d21892d86c31e6d85cedfc8c0758fb53990f71c1d,Win32 EXE,Gen,VirusTool,Win32
356b725aeecef312cfda2e3c824d5c97f75159d3789dfc7d2a0d983f0d6d70f1,ELF,Xorddos,Malware,Linux
356b787c5537ab003092f7516fe236c2dd239ff2aa4431379276727ddf3b6f02,Win32 EXE,Vb,Trojan,Common
356b7f815489841fbd06e3c5f05fc1ec1dc5199b6d164162a096afeecb91a97d,Win32 DLL,Emotet,Trojan,Win32
356b842c8d1f18e46617a5dd7fc15c0ba3f160b660e4e9b662c9b2dc2bf6ba6e,Win32 EXE,Wabot,Backdoor,Win32
356b84dff0db3c70b94562519c281f7d3947a925fadbc12d80904677bf7bf754,Win32 DLL,Gen,Trojan,Common
356b854c3fd6d9a84057a0e526f13eb2a65fc8c5a56d0d0395b9d64636b9e7f5,Win32 EXE,Autorun,Worm,Common
356b8cbbd58577265bf1b44ad85dd86fe45d042aeea96eec5ec4f5c27caa2039,Win32 EXE,Gen,Trojan,Common
356b916de4805eb0c96d75aba4fe41adbcfdb3def6f664a18953343b2a4f23c9,Win32 EXE,Crypblocker,Ransomware,Common
356b91d1313d5d07d78f613e68b78d15f99f60329e264ec3608c3b32c5ce1f8b,Win32 EXE,Gen,Trojan,Win32
356b926b35fd88e9d6d20a4c08d565ebfaa44e974cc71ddac50a4759b73022bd,Win32 EXE,Virlock,Trojan,Win32
356b92b929a71e3f9d0ca0edeb759d8d3c0988f3a1eacfc30e2b55251fa012a8,Win32 EXE,Sytro,Worm,Common
356b93cc3f6cf419b2d2fa6e7e8ffe31d0d98d0e75eb835208d10373563fcfae,Win32 EXE,Virlock,Trojan,Win32
356b94bb4efbb70fdbc1033f079f3a21dbfa36c419d9f8717e5f593e0954a3ce,ELF,Xorddos,Malware,Linux
356b94e7eca5e1a69374bccd2d758dbbce8f9bd43ee4c7843bca05ccd4a87460,Win32 EXE,Gen,Trojan,Common
356b96745915027e149c2ac84b55cfc0941812a6ca3ed2072ea2f4fc99328e77,Win32 EXE,Gen,Trojan,Common
356b99c2dd475516a5be0b1b4d781c406668358ed51bd3f1fdcbef18fceb60b3,Win32 EXE,Agent,Malware,Win32
356b9b8cffd66079209519ac3f7dce5f4185a0ee04028eb004255b6cf7a06e57,Win32 EXE,Gen,Trojan,Common
356b9c05273aee42c2bacf3bdf0120eddf2a9a52925bcf62bbfdc21343d436d0,Win32 EXE,Sytro,Worm,Common
356b9da0d2acb22abf1d16ff09af6a331707239464d37fce902e471e62c50aeb,ELF,Xorddos,Malware,Linux
356ba0a1a5acae88a0f00cdd88da8d7af7761c2216310f97b2aeca654e5cc6a8,Win32 EXE,Lumer,Trojan,Win32
356ba4fc2783c83c60a086f831da20d2241aa37de3f40e2c57e6d00282b66a0f,ELF,Xorddos,Malware,Linux
356bab9bab5d8f0af11506f5bd73770840dff36ca6ea1382f81f5cc5bbb5f0c2,Win32 EXE,Berbew,Backdoor,Win32
356baed26cf8b5a56a4d67840375602b130ca224581f9e43b87bdf46d2040239,Win32 EXE,Spnr,PwdTool,Win32
356bafacf47238874b5dcd9ac58c542fc0e2353525ec0d69e2a3d21f6950a734,Win32 EXE,Sytro,Worm,Win32
356bb124bacf29098e7149ed787f8f0be3e79c4b6f52321ed657700d1cae04bf,Win32 EXE,Spnr,Trojan,Win32
356bb59054b1d8698359860ad02e4ce5e72c0c94124e9ff99c5d227c1a1ab461,Win32 EXE,Fujacks,Malware,Win32
356bc019a17a4a82231b585904c33e6ffe763c39865d60b1dfcda2ffc74e68b9,Win32 EXE,Virlock,Malware,Win32
356bc0a34eb28bcfd542742a1db06e9702858c54e1d51e83f4e2a2b2daebada9,ELF,Xorddos,Malware,Linux
356bc2428452f80be1c474eb1c177cd89aa0cba6976f51a6c207369b9fb481da,Win32 EXE,Swisb,Malware,Win32
356bc6212342a3c4cf09691be6b9ef79f5dea0eb5da38d2c76e691716eb51ab0,Win32 EXE,Gen,Trojan,Win32
356bc70ff60332949733b4ab53ca3858e01bb9381cfb51e6ecd4a74b1eaefc89,Win32 EXE,Vobfus,Worm,Common
356bc73df599211e011a20b3a1d4915513943b654e0a9c7158c0abd11ffb810e,Win32 EXE,Gen,Backdoor,Win32
356bca0f98b5d4b5d994ef49ed819a03297a9c5a284c86f9c48316da8c59fa20,Win32 EXE,Spybot,Worm,Common
356bca8ccac5a567f414af68bfcd34acc03c029f05b9d04a6fa8dcc838f70557,Win32 EXE,Cabren,Trojan,Win32
356bd0e1ac98736ae0f9985ff853621834b13545af7b0a6cbc28c056bd66eae3,Win32 EXE,Virlock,Malware,Win32
356bd85be7fde463e8cad524add222c7ab7b6c4fd462b8377dab09267b077cfa,Win32 EXE,Spybot,Worm,Common
356bdec911062c4ba454ded8b025a9b3f7e954c4b54b8ccdf8e61a5ff79040f8,Win32 EXE,Virlock,Malware,Win32
356be0175c64894c24020ae5d175421119858c4e30c425151d48d7155181782a,Win32 EXE,Spnr,Trojan,Common
356be10bcae6f34ec69138b1dc1952938ab754528f79c7c51804e55c93b5943b,ELF,Xorddos,Malware,Linux
356be499f1a5c7c5d65bdc3963712e1993bf11a1b663d3ba47b2960179ea8713,Win32 EXE,Autorun,Worm,Common
356be4a1964d3fc02f65a2598c2c5d4b322b17f0eef172f40307a482bb9d2d73,Win32 EXE,Virlock,Trojan,Win32
356be4fecb0fa03123491134a6e38a52ba227e525966952a2bf022fc17f08975,ELF,Mirai,Trojan,Linux
356be6f89e9072c1cb43ce87371bf6a0f468018af95a2b3af6f8f188aebe710f,Win32 EXE,Spybot,Worm,Common
356be82f91ff986db22590a4ccbd251c603eb425fa34502721716d4e6d247cfb,Win32 EXE,Spnr,Trojan,Win32
356be90e13d7c3c20ca35612cf8114981dc972687d6b798338a65967b8898061,ELF,Agent,Trojan,Linux
356bea4561494a370bb42b5d9cd92c51d698bad73ce57fae5b39b0c1b42b5b98,Win32 EXE,Gen,Trojan,Common
356bef5c30e8c9e598db9520a915e594edcaaca21ec0342adb750377e7dee736,Win32 EXE,Miras,Worm,Win32
356bf8dc3f87d432d593674c0a980aaba4432be58384d633a08929956b6fca05,Win32 EXE,Agent,Trojan,Script
356bfb3288c1708b0e8d6a6eeebe960ba8bf42c76d337ede0b25a9c523482ed1,JavaScript,Virlock,Trojan,Script
356bfdecaf3731d9e56eb0ae6beb3f41a812918ddf4859f537681341ce00aa6b,ELF,Xorddos,Malware,Linux
356bfec90a45538b2b3ad4440c7ccc58e1ea28a281e034333dff963d8f117405,JavaScript,Faceliker,Trojan,JS
356bffe40a59b7f10527adeff47306113e1289ca0d23f1cdf8ec957b139ebd59,Win32 EXE,Virlock,Trojan,Win32
356c0051be697ca5038c37b33a41323718fc10ea6787fdc3e76bc2a2a44e889e,ELF,Mirai,Trojan,Linux
356c00ff0f4bc7123d4f9c7dfe8cbcd060da0c841b5b19fdec60c70616d62fbd,ELF,Xorddos,Malware,Linux
356c03968213d8e4e38fd7e75907b0867a142048838f50c20ef5de44d8773086,Win32 EXE,Virlock,Trojan,Win32
356c054adef4c4498ffa0090dc1b5a3d8ecf3cf1928c5861cff5c061e388a46c,Win32 EXE,Gen,Trojan,Common
356c0557d1c6ead264f5dfd4f8a9e78cb2cec0cb68edd79dc4408a6d68c0e165,JavaScript,Coinhive,Coinminer,Common
356c07ddc3e44373aa418480b155bc2b3d9884a15ca17bfa478ad899da499a2c,Win32 EXE,Agent,Trojan,Script
356c08ae390a6b4067d2ff85c863b439babf4af1652a161858b54bd18549b5a1,Win32 EXE,Ganelp,Worm,Common
356c0aee57247f238d5c36a6f20464409eff30bdbe7186e130ef20882dbe67a9,Win32 EXE,Agent,Trojan,Script
356c0d2cef0868b575974b0bdf9d52f0a882aa5945108d5b33f0d745c613345a,Win32 EXE,Virlock,Malware,Win32
356c0e0011767046330d4b078def76fc92768e54fa7a00342a1c822f418b5105,JavaScript,Coinhive,Coinminer,JS
356c0e2361c30f81225cbf7e855e0c846bfee9e5a898c9e178e8c90601664d41,Win32 EXE,Miras,Worm,Win32
356c0f159a7d828034d8a69fe1aa888b33ced98121e099cf1e72bd624104de4d,Win32 EXE,Nevereg,Worm,Common
356c0f4308736ca191288d7fb2acf0328d890c93446f09fbd73607609ee9b605,Win32 EXE,Resur,Malware,Win32
356c118b89ff16971a5c40e05fd270e5b9d198de8ab9b9ca20114b0b614cb4cc,Win32 EXE,Sality,Malware,Win32
356c12ec3b288024660bdaacdaed4cd49157f51ce7b269a45008ca35938b1f49,Win32 EXE,Vb,Trojan,Common
356c1477e65707215fbc2fe5bca3bcee52742b1cdce5854cb006f74e863ec6cb,Win32 EXE,Cerber,Trojan,Win32
356c1746180922f5a4c273ee3e9b87cb85385a123d364d9088c0e14b0e9b75d0,Win32 EXE,Sytro,Worm,Common
356c1a1d1453a9d417c54c6df8e10fad5e22e6f58f28f6c579cfa6d94171fd52,Win32 EXE,Virlock,Malware,Win32
356c1d7b7c9245d5cc4ac37f8534b8556ce7f4ee3f79f325d4151ac464d5f049,Win32 EXE,Resur,Malware,Win32
356c1dd3941a4da63093ed117749cd4fe75069b46adabd92dd0b99e9acbc7a0d,Win32 EXE,Vobfus,Worm,Common
356c1f7afa77cbe05dc2dd64199a28d31a1fd0197912027111ed7eea0c80c20d,Win32 EXE,Eggnog,Worm,Common
356c1fe2645d5c1cb2d0e1c963db0c3801957fd3e4aa261c46c83df43c445de1,Win32 EXE,Gen,Trojan,Win32
356c1fe7a5156d9260ad77eb406fd7e8abd911a9af5c73e4bf4ad73b8ce8f7c7,Win32 EXE,Rifdoor,Backdoor,Common
356c203fbb2c6cba774febc4b44ba439140ff92526be48fadc220ee31e8d01f2,"",Agent,Trojan,Win32
356c208972c1ee36195ab80d8ed27eeefabf07c6021c663a38e8d2409a37087b,Win32 DLL,Virlock,Trojan,Win32
356c24458f0883e6bf7b8cd7884ae3c7a576d9057da7aee473e0cbc1e26578f1,ELF,Mirai,Trojan,Linux
356c26ce3cf1ecbd1648dd80cba11031e4bdfa1d85463633ad86d1f1e640bbb4,ELF,Xorddos,Malware,Linux
356c2ad9dd8d7d99b22a5cab506cc8bf8b5bd62ebe1f6c30322250a7f34cab8c,Win32 EXE,Vobfus,Worm,Common
356c2ce7939198dbf76c619b9e405b71cf2905211257400feef43cf233df72e4,ZIP,Gen,Trojan,Win32
356c2d6231c1ea5cdeb994c550bb8c0cbd0a45432165540ba6c40928af4b55db,JavaScript,Virlock,Trojan,Script
356c2ef43c26fb853c4feb5ec4b32235fed5ad65cfa27817d69a689d07cad0eb,Win32 EXE,Mydoom,Trojan,Win32
356c340b1cb7ef94b7a6e8cca90cdd3d53114e4563d5f3f6a132a86955a2c4f2,Win32 EXE,Sytro,Worm,Win32
356c3690facd9c12b191509327e0d10ca2e812357a9eb2c87ef04de7da896d08,Win32 EXE,Spybot,Worm,Common
356c36c43b04227a6ba439577c8ff6668481da2cc05b5dd7652d4e08f3210e25,Win32 EXE,Vobfus,Worm,Common
356c3a7d13a8674ef06d460d9585660129985804a5056a8ffcfbb026b26b7ab0,Win32 EXE,Gen,Trojan,Win32
356c3bebe4f139705889dcd52be339d724e919d28cf5524e4060930dc5171d53,Android,Frs,PUA,AndroidOS
356c3c375700333f06a140d08842885e8684d41e57f3b339d3f0c403cd531c69,PDF,Agent,Trojan,Script
356c405afa7fe8a492d06f65f066aa3a7642cccb109f601582bb5c83b21f1221,Win32 EXE,Gen,Trojan,Common
356c40e95765b980159d4e9a72a252c95ab827a960103f29ae9bfc1829cf46f2,ELF,Xorddos,Malware,Linux
356c43bb566b1aa5f481202ee713d541aa1fa778e2aa3ad18e7c8a9099e6b8ed,Win32 EXE,Miras,Worm,Win32
356c4417b7026297f9f78c365bc34fff3bfa12c2223b223d44498f6d61dfe8f4,Win32 EXE,Wabot,Backdoor,Win32
356c4517265c1fb92c2af11be0e100af408b4050ac4feb9ae637727fa92cb081,ELF,Xorddos,Malware,Linux
356c45c3160b699123935241c101c5a2bea738912f8e67368b82ba642d2729a1,ELF,Mirai,Trojan,Linux
356c4a748c0c9f0b0a03cb12e42430a3f77395afcca0507695af704569881774,ELF,Mirai,Trojan,Linux
356c4ba1766b7feb2827104ac60353c8df3c9c09b13968c7ba7a23a4a0f28a9b,"",Sytro,Worm,Common
356c4d42d45fd92eb41ec314f6a2c4ac42cc03f18812e5dc5867cd76664d39c8,Win32 EXE,Pluton,Worm,Win32
356c510aef68c23ab1c822d921f21ecb0226bb445960b6a8a51297ad4bd47ad6,Win32 EXE,Spnr,Trojan,Win32
356c5537ef6dc152decc4b5497189576657af7b6e135f46f05603ec55e5bd088,Win32 DLL,Gen,Worm,Win32
356c5a613e83976880c4b84fa9e6267592cd1927e1ade280c1240c8ab3c8486c,Win32 EXE,Sytro,Worm,Win32
356c6240d9037426a982a13dd6efe94d7c5479a6e5e0f340d7379da67864f4be,Win32 EXE,Gen,Trojan,Win32
356c6259c22c059a4f9e94408099e8a0cd28deae8c1c478284c4867f56022b7a,Win32 EXE,Wabot,Backdoor,Win32
356c641c61ebaff810e0d97d7a55451917366bb9ca52c6f1744f0144784ca5d9,ELF,Xorddos,Malware,Linux
356c65295f0855d220520e4f79729328646472a45adebe96c865126d2d02d701,Win32 EXE,Wabot,Backdoor,Win32
356c6a6a8a7d10f761b9193c4c5f7ce141e8bbaf88ac1a0296088ba5614f245d,Win32 EXE,Wabot,Backdoor,Win32
356c6c761d2e90011fbc37276c5058e0a2d9435a6b07561ec2fd209cc181708d,Win32 EXE,Gen,Virus,Win32
356c6caa705160f7f7d372e4e540d84c4983e01b4196df568caf8b7241232604,ELF,Mirai,Trojan,Linux
356c7157f9ba2db2ce7bc88d1a30459cecb661dd183811a953b96ca3d1b1c044,Win32 EXE,Nobady,Trojan,Win32
356c7377e7e36a6dbf319fcb2185c8e1812fe63e7e9105b54d4684c46f3268f6,ELF,Xorddos,Malware,Linux
356c73eed3dc2d29ca676abe7fadec8291873a2fa3fc8947003e8ff9b9c25973,Win32 EXE,Spnr,Trojan,Win32
356c782ebaf1d4865d27cebcb163c44ed07dc059f0d259cda9489ad4a8a9b240,Win32 EXE,Neojit,Trojan,Common
356c7c2e3ec78daf319f8c57f6a49135314c92ded49f13a607f353719a236f0a,PDF,Virlock,Trojan,Script
356c7ff3cb5a833cc3d2a6cd0c70759f6ce0be5e9bfe77ae0daaf4d6950124e4,Win32 DLL,Gen,Trojan,Common
356c8008b62625560c2109853715a4cd31b8e2db98557ae46d9ac6b5957769bc,Win32 EXE,Wabot,Backdoor,Win32
356c80fb375504862cf85898062f4d39156f05536ab91a00e51bfd36fa611456,Win32 EXE,Legmir,Malware,Win32
356c838f83b69e905edc9ff1966bae17a9d68d647e18f174206138905565adca,Win32 EXE,Esfury,Worm,Common
356c8777f0982e3e4d2a4aa3ac1f1e5b4458f661ce7ada4775236673b17fc5d2,Win32 EXE,Vobfus,Worm,Common
356c8c62dedb31d9b68cde4456df395bf20d382223f8330788ffd198e34f7b93,Win32 EXE,Gen,Trojan,Common
356c8e0f3e20a058295095113ca3962cf08a3ceed534e43be740fc673b0295fb,JavaScript,Coinhive,Coinminer,JS
356c8fc8039af52e19ff53326911bec09de37816582e6d54324cfe07244aa4bd,Win32 EXE,Virlock,Malware,Win32
356c8fca301737319d35ed63aa688419933eb433a37056d7c23a684f174d0290,Win32 EXE,Gen,Malware,Common
356c912532f4f26ad56cdb96f9d2110261799cbe5dbbb8a75c8773fe0d3dee14,JavaScript,Jsransom,Malware,Common
356c944c8e85b95007c29a5510bf90a8c32c0ad50bd3b65a1dc2f58a824120d9,Win32 EXE,Virlock,Trojan,Win32
356c9627a0b07546a6ece0c9fd27cecab4a912e4056e3b10b1b6a92a94858e9d,Win32 EXE,Gen,Trojan,Win32
356c974915332182a0352fcda4e8bf45d513c40cc5f4e9180dd02ed5fba8d200,Win32 DLL,Dridex,Trojan,Win64
356c990a960616cf6c40c0b6d5da72ba884073992a3887ee74668a5b9fb0e6e6,JavaScript,Coinhive,Coinminer,Common
356c999323b5b7278a80c9e7fdaf1997c9a435c796ba8f1c3fffdcdbff0bb977,Win32 EXE,Pluton,Worm,Win32
356c9ad547dd1e91eaf73458116e7c3ac8e9af5a5da2612252dd8fd463b567bd,Win32 EXE,Esfury,Worm,Common
356c9ae77437f365c1105af9dadeed2b6f04774de89745f074cce57137863967,ELF,Xorddos,Malware,Linux
356c9c4f8046396357f1e368d4462e61109d4b7fc30a6389b9122f283c863599,Win32 EXE,Gen,Virus,Win32
356c9c629e7cfed2e1145d3e109ca35e43a9b7e7ee1b5d16089157da0e7ca671,Win32 DLL,Dridex,Trojan,Win32
356c9dbe91b86ae37280a9dbfb6fe47ce200e4e111fc6dccf70d6396dc67c7fb,Win32 EXE,Cabren,Trojan,Win32
356c9e1303676f2733575ce57fed219ed7e9cc15dc1a814c8a63521c82ec75fe,ELF,Xorddos,Malware,Linux
356c9e88908a68ee359004ce3f6da0e7b2f9331c11b4d258b2335547c93027f0,Win32 EXE,Vobfus,Trojan,Common
356c9efe6dafc51f32a00def9a53513a7e4a647042a0b88fc6e3c1d03664cfc1,Win32 EXE,Virlock,Virus,Win32
356ca2366ae893bdf791bb5037423c37fceacb327077b73692480c6741389805,Win32 EXE,Eggnog,Worm,Common
356ca37fb0cb99bcfb91c2dc076d4b312d473a9ebd19785f825646825e9b5cf1,Win32 EXE,Fujacks,Malware,Win32
356ca3d885ab956ce9c68d131a1ac96e527ad0dbac23298d0cb04c610cf843d4,Win32 EXE,Virlock,Malware,Win32
356ca4bc428e53eea5e0b804ee2d873c93add9083f23974c8a84aa4fff16493f,Win32 EXE,Vb,Trojan,Common
356ca8088f1f58b796da26608490b37bd7d0cf0b217e91801c1e6110b2b26cf7,ELF,Mirai,Trojan,Linux
356ca8ff42459fd5c465c9d44e072299a7a12b8c4193d3efa7dd5cae31d28ad5,Win32 EXE,Mydoom,Trojan,Win32
356cab706840feac7c25d7171a3e7ed4eb1dd11adfac3012d382ebe154451653,ELF,Xorddos,Malware,Linux
356cab86832bdb578651e54f30edf8140678f8f487fbf53fcc373c3c54af2456,Win32 EXE,Miras,Worm,Win32
356cae0b1d30c6b49d9c4589800cbdec892dbf8c82b1d4563e187e57e691e9df,Win32 EXE,Nobady,Trojan,Common
356cb4b38b71a8ffc0ccbcb1aba9f157640e177571c9d72a4ed6928a76abbf71,Win32 EXE,Virlock,Malware,Win32
356cb4e95c95fa00635c2e2d815a06fad32fdd383d109b1185893ab9374522df,Win32 EXE,Spnr,Trojan,Win32
356cb7d339575e22d02ef9f626e9d55d61665ab1b902fe15c7f4dff126c07176,Win32 EXE,Miras,Worm,Win32
356cb9e666bcff73664eeffe3c99fb1262f1e01e67beef5c9d8fa382eee30ad8,Win32 EXE,Virlock,Trojan,Win32
356cb9e83b5ee107c5032b65335bc69b1b1f1e125232e55f3cafe9e0f83630a9,ZIP,Qakbot,Trojan,O97M
356cbab72100a8d50648b1304d827cedf220885461408e5ad2ed4452ee1b6cdd,Win32 EXE,Spybot,Worm,Common
356cbc6bddfa1300fae3aa0f801626089935d58ec90450c63d7a197ff3479a97,Win32 EXE,Spnr,Trojan,Common
356cbe2d7aea6af06117511e68ab82c157e312830b32b8e9ab597910f554626b,Win32 EXE,Gen,Trojan,Common
356cbf59db412e80a34cfa0f8e2566a3c6e19361e86287166dcdc26002a6b156,PDF,Agent,Trojan,Script
356cbf8addba743940fbce5b558301fb976df7d91bf02cb566d1bdcb1439d49a,Win32 EXE,Virlock,Trojan,Win32
356cc045bae133c4404f451b5f3b7d9bb2f2d9f349a66fda16742f98f7e9bff8,Win32 EXE,Spnr,Trojan,Win32
356cc1c6c0bec8dab7eba09573848afcc9c6a76ae2621966a830cdd89e78628a,PDF,Agent,Trojan,Script
356cc407a41b078bed77a0fc50183311251d77f31c1aa9db3b5290b4087b666e,Win32 EXE,Spybot,Worm,Common
356cc449c096ee2a4e9a3f4ef602f6d524ba7512132e7c564d954445c1a67889,Win32 EXE,Vb,Trojan,Common
356cc7443745d4b1100ec72c3e5bc7fa6f91baa3bb5a40673c272923481fb424,Win32 EXE,Virlock,Trojan,Win32
356cc98444467386a9cd038a6920a7138a746aa244a024c03121128e9ce1c5ea,Win32 EXE,Agent,Trojan,Common
356cc9e982365822eff90041947e810b61c7bd5f93a5b90cd8456bf8dc7d15db,Win32 EXE,Fujacks,Malware,Win32
356cca185e23e3b95205e8dd1291c3d9693dcd98a5b906e0b496bbffb194f43b,Win32 EXE,Wabot,Backdoor,Win32
356ccad483cd0aaa8d1151a619b0210614edca30a04e7849a8d5a15df79f221d,PDF,Agent,Trojan,Script
356ccd62050838f98baf5458db09b7bace771a5dd523618cc871dad2b165c521,Win32 EXE,Gen,Virus,Win32
356ccdfb9ebc336680b124f6051bf4d20dc025a56aa3801c3484d6e294bb00fa,Win32 EXE,Vb,Trojan,Common
356cce07cc330263a892e302f7fdecfcca6574a425fdce8029eb6ce2990b1e72,ELF,Xorddos,Malware,Linux
356ccf22ed07de96defbb350dd149646e5c9b75ee539b3ef4c6b88256a86b0cd,Win32 EXE,Spnr,Trojan,Win32
356cd01f6674a1671b0ac0d265684f5885225a61118d5d7ec513b2dc746dcd93,Win32 DLL,Dridex,Trojan,Win64
356cd14f82ae91dacc4283d889049b57bd2851019f487652de30551279c8938a,Win32 DLL,Dridex,Trojan,Win64
356cd3c36c712a1c8ca5250ba8e76eb41813ea695692898542386a166b4b1dbe,Win32 EXE,Vb,Trojan,Common
356cd57cdc4da930a569bd49072bcc442e02d15a084cc6dc8a7837511ab6d264,Win32 EXE,Gen,Trojan,Common
356cd5f87a891106c4e0b49bd240951b0f1536997802c79acbb487a15eabefe8,Win32 EXE,Gen,Trojan,Common
356cdc43902011efe7e2073c3a23fa4bfd17d80195d30ac1e756eb5315e77769,Win32 EXE,Upatre,Trojan,Common
356cdca3ca976548d49487afd69faf24891e0dc50b6f2bd3e9ae3157ab5feacd,Win32 EXE,Spybot,Worm,Common
356cdf4014ac3be7a2766a7f7cf02b96a88e3a2032eb018a0ad52f004e27c2ca,Win32 EXE,Nobady,Trojan,Win32
356ce0315776242946b5f2070cbfb12640ae64fc78d68ca06c8f9be699132682,Win32 EXE,Vobfus,Trojan,Win32
356ce04667e12829ec829fd01aceadd4464f541b0ab843bb2c80c4ec821101a9,Win32 EXE,Gen,Trojan,Win32
356ce50662fe3d1601a78095cfff173d57438acf280511311d4a5886ed4ba5d9,Win32 EXE,Wabot,Backdoor,Win32
356ce53e725d08adfdf6ad60b6b821dd5790d357e109003e620e1179e6221e4c,Win32 EXE,Virlock,Malware,Win32
356ce63b0902ad7de31cd1018adc2b53a51fbb0b3cd16ce2c891e3904bb3c748,Office Open XML Spreadsheet,Qakbot,Trojan,O97M
356ce99baf478fc7ca1f854cef7ce464a08b9bac34e5640698818dd437bd9e89,Win32 EXE,Vobfus,Worm,Common
356cea5d3e38a72b81b35ad9448fce49ac443398fa22990eed5dbb2e84d2566a,Win32 EXE,Spnr,Trojan,Win32
356ceaf8e361677633a70b09b5c53399f426975139bbaf854530b0ea4818563c,Win32 EXE,Vilsel,Trojan,Common
356cec4c9ec6f75c998008cdb05d32551a423965986d54737c27fa1dae4739ba,Win32 EXE,Gen,Trojan,Win32
356cf3ef95ad9d15ed19d4dc901959df46db84d46b16771bcf4177bb093d6927,ELF,Mirai,Trojan,Linux
356cf6b98475355409099f4be2edfe881a8b3e6e7e0ccf5058e4c8948c3acbf6,ELF,Mirai,Trojan,Linux
356cf98bf09f529f22901d7c3eab6cd8e600624e1e7687e0a33ea1c8dca25848,Win32 EXE,Wabot,Backdoor,Win32
356cfa679b891b553b39b8e2921deffb8f6f5a329382120104f047f0461864a8,Win32 EXE,Vb,Worm,Common
356cfd764036c7b36292d1939cf3e1c4188167d6c45d7a37582568de18ffdfed,ELF,Mirai,Trojan,Linux
356cfdd2b957b2baa8cc8c6e49b7dc61760dc968b05e944a89311a45984bd37b,Win32 EXE,Gen,Trojan,Common
356d05f2a8ea68118f0ab6b3b3e25a408ed620012d642020c392fccb74414cca,Win32 EXE,Virlock,Trojan,Win32
356d079ef0725c9d0336e8e2b2718b13e8b07da04b72569969745c1ed0feb2a5,Win32 DLL,Padodor,Backdoor,Common
356d098e8f3a52f632c15fb4183c2989885f05e8ea66a90b978fa997a2f40ab8,PDF,Virlock,Trojan,Script
356d0b074b5701c0678ca0a1e2b8fb9565ccf21278550dc64dc53ede614ecf00,Win32 EXE,Agent,Trojan,Win32
356d0cbfb92a57e5ecce05e8f4698d0dc85ae5ffb5b700069d05c4f99f99c2e4,Win32 EXE,Neojit,Trojan,Common
356d0d46e18584f43ac6490bd9913c26618c7ac42c7615f7d314dcd91fbac342,Win32 EXE,Resur,Malware,Win32
356d0e775b43d2470063009f7b0d66925dbabb1ded670619250b5ce07180bf9b,ELF,Xorddos,Malware,Linux
356d0fbbd7efd54611571cdb3a5eb4eb50f196d25e528f65619c31866b85019f,Win32 EXE,Virlock,Trojan,Win32
356d0fe0c41b498ee36bbed131c9c5d41924756a02637e040e3eae9a501cecec,Win32 EXE,Vobfus,Worm,Common
356d10454395e5dcf6d5e061e95f7898ddff5687e8afcf04ecd8e2bc3472c0aa,Win32 EXE,Vb,Trojan,Common
356d13530959fc68fe90bbd9154a71566b8f4751c78415668a8594c1d12ae15d,Win32 EXE,Virlock,Trojan,Win32
356d140d2ee31ad6944a22628be3cfd20cdab264ad4c50f0c5657161d2cf8d1e,Win32 EXE,Regrun,Trojan,Common
356d154df376613886b6c2c07990be0e9c1819d02ef60ae8ff8d7ef0b5585d2a,Win32 EXE,Wabot,Backdoor,Win32
356d1735156c1316f444c2b1b3e533eb222a50514dc050540d6759e8101771fc,HTML,Coinhive,Trojan,JS
356d182901946581242d45607917c7466cb5091b9d2595e53b8642259d299c6f,Win32 EXE,Wabot,Backdoor,Win32
356d1b3e27fbea7ad928cb78215e3f3b8a12cd8e74e2f4d62b80d4fd413c2959,Win32 EXE,Bloored,Worm,Win32
356d1cc004a7c1ea83f0d423754a3a3b2d0415a806ed178d265a4bf604d55eb2,Win32 EXE,Virlock,Malware,Win32
356d1f8133eb0beef81cb2ab66544f55076e1e671e7a3feca23f14c425e1f9cb,ELF,Mirai,Trojan,Linux
356d217d7ffec1ebeeed161837b93456487128fbcb65f5ba908c29d546862a62,Win32 EXE,Shodi,Malware,Win32
356d25e5761d371fe0feecddf5d849422d8641e15047d74cd88c12423c4ea4ca,Win32 EXE,Gen,PUA,Win32
356d275e257cae670fc0b6615d7678e9e4c47fbaae471e0c87623fa8d1e4d88e,Win32 EXE,Spybot,Worm,Common
356d28076d6f4281df58e2dbd4fa58a7977eca13e80ef7b6616d875c0441111c,Win32 EXE,Spnr,Trojan,Win32
356d2e2f348f1b80aa59f207560b3d3c7a19ed98ea48c0b5f2a3d5081e77fac9,Win32 EXE,Neojit,Trojan,Common
356d30fef9285a13265866b56c3b96fda6128820b924b71cb14689c30c38bebd,Win32 DLL,Dridex,Trojan,Win64
356d316d37ddfab5d5ac92aa7642a5e3f0a828f087bb28b1b0c5c6c0e45fecb7,Win32 EXE,Spybot,Worm,Common
356d325d69b3ed35d29c4d9ef25d84cbb6c314b8c50c4664396687c9aab82556,ELF,Mirai,Trojan,Linux
356d326cf918758050891ef38e3e232bb88c449fe110f9e4812c7fb3b004eb16,Win32 EXE,Wabot,Backdoor,Win32
356d33172957edd3204fa201000841cbe51a4acbd1ab69e0c6f2d93b2c4f9399,Win32 EXE,Fujacks,Malware,Win32
356d33b85bb1b36028f547c380e97c841748c09befc3e6aecf30a977a7340db0,Win32 EXE,Vobfus,Trojan,Common
356d36471b4d9cd3cb8cd4aa37b9a871ff77c463b06506e46ce4c9c0dff7186f,Win32 EXE,Salgorea,Trojan,Win32
356d37fded2a842850bff976a0c9f9728d542cf83b8c1c4a0dfb6cfb5fe28401,Win32 EXE,Vb,Trojan,Common
356d38b71c618f29e37f762f62e53fa0092e3e5173dd1cfbfce043e89c4547b9,Win32 EXE,Virlock,Trojan,Win32
356d38d8b47668265ba5dc8c2535834329e3c9395883cb497454a34f33ff66de,Win32 EXE,Vb,Worm,Common
356d3dcb36802a3b5e03c3b9ccced3f9fb1f4e7dbffcc65adec203b57338e5bd,Win32 EXE,Vbna,Worm,Common
356d3ee90eb1154eabfdb74ce2ca7325d8801d9eb6c7efc5781d7d838a8e753b,ELF,Mirai,Trojan,Linux
356d3eeffca9dca0f327d00f51dc513ae1fefd295464854bccde1000179be79c,ELF,Xorddos,Malware,Linux
356d407b4b426e2d8dc56a7f9961d3f2570bba94b94f898559a4a397dacea877,Win32 EXE,Spnr,Trojan,Win32
356d447ec47eb3643de0328550feac2cf1974f88560e80fb34fa2ba8948f5e91,Win32 EXE,Gen,Trojan,Common
356d46d199c39b2d370daeb6847798fcb13e5d837ca1c55ae84187e94b2b7fe2,"",Banker,Worm,Win32
356d4af33b2d58d251e3cfce58ad6537953e69c7a2019867ce2dbca2bc4bbcab,Win32 EXE,Pluton,Worm,Win32
356d4c71968b62a25ca3462fec6a24676a442bccbc60050dae8146eeb11c4e60,ELF,Xorddos,Malware,Linux
356d52046767c62276b82ec3e35ec13a6a1433f3c898e81262439b835c77df9e,ELF,Xorddos,Malware,Linux
356d5363d6eb2103bfa33ea55b1cc0c2bc24b354f46e3d13a032f5d27d6bcabb,"",Spybot,Worm,Common
356d5eba25207ebc9d87241151f415f55363225ea48ae6f97f490c5d74df97f4,Win32 EXE,Virlock,Malware,Win32
356d5ebfea368de44f79f2556997fc7e0ab7b096a1e6597b75d81d6a202df9e6,Win32 EXE,Wabot,Backdoor,Win32
356d607a5e1e315e12aeeff3708a4eec560d4eebde0ae4c9353733ac0a9f9e2f,Win32 EXE,Gen,Trojan,Common
356d60fffe2628e8891482cd5d363461e2b96b9df08215cd1b9cf29622e9cb12,ELF,Mirai,Trojan,Linux
356d62b88b9c64a761f405129c9317c086019cf610c9c98619a0a7e4824c0279,Win32 EXE,Vobfus,Worm,Common
356d66338677c7ecf0d3f890b98718a5b0dc8c3629d076f9645d173a188fc85e,Win32 EXE,Gen,Trojan,Common
356d6ab4d09f7880ee612fb79ff78135a04c1f7ade82e98b298607da47d62f06,Win32 EXE,Neojit,Trojan,Common
356d6b3bc1da43a4073f194459e84f83b033223791d3a334e33c1c4e8f5662bb,ELF,Mirai,Trojan,Linux
356d6be4d555e376ec40bb0ac5f1125c4a17652275e740998651720f0c187b85,Win32 EXE,Looked,Malware,Win32
356d764a6030ec3699ab080c3624d623efcfd029c2102a43aa45e1f900d2b602,Win32 EXE,Vbna,Malware,Common
356d776e032e1d669977808264a246bac1d561a26040a9a4862a4205c4c23545,ELF,Xorddos,Malware,Linux
356d78b96237e5fa5e263dad5c154350dac84b7d8f7488928f04e357c5664293,ELF,Xorddos,Malware,Linux
356d7cad49e48c8f8ffa784feb090d5194cbd46abe9aadce21b25cd925a5e603,Win32 DLL,Dridex,Trojan,Win32
356d7dec110450350000c6004a29ba654460d6b16d7b0219a275ebca7794e0ef,ELF,Mirai,Trojan,Linux
356d7f69953f6bdf7e360f4395d2354740d76107ed23cfcab924720275edf277,Win32 EXE,Vb,Trojan,Common
356d866866b8fcafd5bccb04bbd44543f5602aeaa860c15a088725845a98b816,Win32 EXE,Gen,Trojan,Common
356d91a663449c44b6385cc903a662b3d6b9b8b60083e040d1151defae03cb02,ELF,Xorddos,Malware,Linux
356d9636b8e763bf4af15000e0eb29a1bebbc2eb9043b781aea9ca96f9044078,Win32 EXE,Virlock,Trojan,Win32
356d98bbbbbd9e5a1f69ada75cd2a088bd6d01155dfa8febcf9494b11155c3b5,ELF,Xorddos,Malware,Linux
356d9a7e1388a673ec3a8e0b7d4033822a9e7e76b160ca58c4c42de4c727a5cb,ZIP,Qakbot,Trojan,O97M
356da36e503f7d9ceffdd8240b70f2c19e6b428edc524fa19d92439381b7996c,Win32 EXE,Nevereg,Worm,Common
