0d0d01368de5de65ba2f08d977199eb2165abd02c6cae0750b9ee740dc6ab500	Win32 EXE
0d0d02385080a2e4856625bac0a4d0f29040bacb8ba0f5f33c63c3fbeb807469	Win32 EXE
0d0d07917d671ae1611247ab092439451c200dad909b3f857571f87b761f45ca	Win32 EXE
0d0d1415dee0838e21d10e832767aba6cdcb5c234b104cd08cfc6e120c37aef3	Win32 EXE
0d0d142574fa0698dfecfe2614151387ec3613e2b38042ccf72a82179714294e	Win32 EXE
0d0d1873ec4e09e376d5d24042f38da5091bb0b2657571a309278a9b4a86a6a7	Win32 EXE
0d0d1898ae9da4ad73a46e60c3f37491ae8a15eafb05264f4fbbd04d00f2e4bb	Win32 EXE
0d0d19072b0d24955148689fda73239e5eafda382534e18592187d6b0dc6de2d	Win32 EXE
0d0d2333f8d977de98493c3421eb22e4526ac8735dbcce1debbd8d2d88dd5de5	ELF
0d0d2544db2c59e14a95ec4cfdb29f7db7cdc12651f1d7f0806c95bce883f743	Win32 EXE
0d0d27697594f4fef0a7fa1be0976a71ef8ce007fc4f27d912dc64dacbfc058f	Win32 EXE
0d0d299a5a92f39a1e93b1555c5521f10368ef2b4fb5878b1aa542818db15a73	Win32 EXE
0d0d311a3b3b1d0f929fa22a5a9a61f8c3e3809631407be6bec47ce07fa25bed	ELF
0d0d3268a7786053156243eb6e3cd0ab33e61a28f65e552ecebda7c9b8f3a6e3	Win32 EXE
0d0d3344d596c436c6ed0f75666f2b009c0e176adb8061bd7d7efe377714e3b3	Win32 EXE
0d0d360f0f526a45ccc35e5c3b5a67654826b6aa1e470efa7843fd9bab737c11	Win32 EXE
0d0d39150b60497c96b2c04c0d2834b6b624daf3c1d095b838840091f5308098	ELF
0d0d406f452ee73c34bfb84de85a6525ae48ee9492128f5b72545cba453542e6	Win32 EXE
0d0d4175b03e47716e9de9b441a0d449ffe05b60205a7b4fe0201ae33d7ac172	Win32 EXE
0d0d4242ed01550856d1e27357cf82c6b89a1d0fc8b051d727739bf75f8deac7	ELF
0d0d4323f8e3489b61b4c512a2300d68672a9f92a8d7bf5ecaf6e2dd786ee449	Win32 EXE
0d0d4353a68bc586651e942b4e2baeaea3d70427549072398d481a2770800b68	Win32 EXE
0d0d43658421698f1a0a81a63bcea5c371429517371f325a778a040eb423b478	Win32 EXE
0d0d4366727c55ce600fe5f77aef8d36e6a3c7fa6d91afb0d9e2b781cbca9990	Win32 EXE
0d0d441ebd3387492f7e0d9fb56e9353a0f30b70e94454a16f5da30d3391cf18	ELF
0d0d463bd2bd1731d481b5a2a1b08d0258a62e8cac496fdc2a313e7646f2b195	Win32 EXE
0d0d4803d5c69675fa66c24d8f53fed521461ce2f21f0ad49568c292f30e609a	JavaScript
0d0d50063f5849bf4452f9a5c0943239f3e544348718cb8b65398e846e7fb5c5	Win32 EXE
0d0d511ed38d2cbdb0f156544ec7237cc50f7dbf3f6e3aa8181ee62f8fc0b6a4	Win32 EXE
0d0d5276c574a8b7d70c6b8e43b99cb5f06552d6f6c0696c16208e6724c43c6e	Win32 EXE
0d0d553583eb071ac8845af6a8b0a1e45c6095bb481d4060a8b783da74ad12d6	Win32 EXE
0d0d58344a6d37e624595b496035fdef5baf31c698447cd5a69d4533d7d34625	Win32 EXE
0d0d584015412d16c7babd04db55e3b3fd257cd945471125c02a81d0f4dca9b8	JavaScript
0d0d661424f3eebaaf6bd4dda1373f9a2d5d89fdfde854abf996670312c6553d	JavaScript
0d0d7088f58545c4d54398c321a1c7f8e78e57150c6ccfda3207ad0658e96389	ELF
0d0d7327a4cf6e4d2b37c39dace71daae0a928075eb800b3b1d4023cbf3fea09	Win32 EXE
0d0d7583051a290ffc5932bf2158b19de78d7bf8278fab53930b653b30455859	Win32 EXE
0d0d7748b2bff09131f86ac68ac09db633265935c1ca1afd1f3ed7ca437e0cac	Win32 EXE
0d0d788934be9e0d31df28b21179f9f6113e2cdfde6b8d0d7ab696e0f74a35b8	Win32 EXE
0d0d804c36f136a3e172d965258dae0f2358127255749f465f8228d596e5e726	Win32 EXE
0d0d8164920a274b476578aee9f4e69942360ab0461cc42d789369122c1aeae8	Win32 EXE
0d0d884bbf1add43460cdb2019f16eda777276621e79080eb5808cfb1b599770	Win32 EXE
0d0d8879510ce11cf2855bd5ee242cd8112ebcc24287d04548ba235d28bbcd08	ELF
0d0d894b6f8268e07b3757d721e2941ae39c54397b5955a58f81e73dd605c464	Win32 EXE
0d0d8997d4e742bfd9fd0966ff080cc3094d862842fbd2b5540e0eb25d31e91b	Win32 EXE
0d0d9270b7349a87762a3f6f2f300f3c04597907db890feb3589e6c2ebeb6bbb	Win32 EXE
0d0d927a2d841feff244249047f5a786a6f1b3d0a6cfccf428a30d9cd753f1fa	ELF
0d0d934936d7f838d1a55b27dec28e3942bb30c2702e575fb9e4c16d4331a524	ELF
0d0d998f957ea3397e65ad37b7c05528ef6d4cfaa49e4b82ec1350dd22aac296	Win32 EXE
0d0da02ef3b24da0a73d4f67443766715076db98fe69fa14ccefc3393330141f	Win32 DLL
0d0da21cdc26ff3559a208f31ee816243ccd9df605cf8936523db1bf9cbedbd2	Win32 EXE
0d0da4fcb5f0cd6f26eb6e62471244c3105917f6b22543a78de4189f80f73901	Win32 EXE
0d0da9c9b45499cc4cf9cd78afa389834ef22cb0f37677f2c30ef51a940a38bb	Win32 EXE
0d0db0c5c8aee11dd804fd2273b8b4889f3e58c95f7ea9f17c0cca600cab1545	ELF
0d0db265f1019759291d5d9093753d432e4f14b9e08ca051304ff471f7409e30	Win32 EXE
0d0db2fdcb463b48125215570723384a6932cf5a3b9dec86e60c2368f2e582e4	Win32 EXE
0d0db34deb6ac2b7488c1322750e413e8a8c5574c00f770b0b11260b179d4ca6	ELF
0d0db3b08c192296a0165b116215cfe14ce801d3b6c354648353eb3cce69165f	Win32 EXE
0d0db4364164b6b62656c04e149b51bc8da0cbe572df9acdcb993378e58ee3bc	Win32 EXE
0d0db4fe9e1995a127c8c7b63a9516a0fec2ae2e359d94bec2d76328ad7093ba	Win32 EXE
0d0db6379d837ff3c0e92838e0c84a168a2809fa375cef2862d3c7ba43248f60	Win32 EXE
0d0db7b02d876feb0e5074d120717c0f8be3a5f43fc5fd4538477d53768ff7ab	Win32 EXE
0d0db7d6037c49a4e6c7533cde3b023b0a3a33ed29b5ca1ee3ffa6a03a6eb25f	Win32 EXE
0d0db91c82b931c98dd305c5af832210fe6d519df68ae99207603832205ae2b3	ELF
0d0db95f76bccbbe41c0a88711055e676a11a25cd37363eaaba44c29254cdc89	ELF
0d0dba2f297864e867ac4a5fb8cfcc71ffb19a94bde71a92906aac393e103535	Win33 EXE
0d0dba6fbfe12f446801d81a173fd8094c9ed834a3a18208a1b9fbf7aa521b61	Win33 DLL
0d0dba875177fc2f55289a3fff063af35deac6a43ce65d7f2512abcdbd369daf	Win32 EXE
0d0dbd6d38cff099268e27713e59b1d86b296968fc8d1b012a6fe7beaac616be	Win32 EXE
0d0dbe23eecd316048c21f6e2fbaa3be1b0ca393be3210c98ba0299da575208f	Win32 EXE
0d0dbef2232c980871faabeea4fd8ee161f6a1464df02a8018b7d15dd4afcfd5	ELF
0d0dbf45b7a630b664070356217250ca503ed492bb8f3b870555e9669b9f7a3c	Win32 EXE
0d0dbf751529f478f81b40e8205faef880571f7e723522568b5f6e2c23b92dd0	Win32 EXE
0d0dc0ddb549fb2641a0097b35bf1c7d5781dc03708e57d4ddf482ebddc37de2	ELF
0d0dc132dd516ee5dfae5c9a1440cf77f6bc904e27cbceb63b4bb69f15bc8e02	Win32 EXE
0d0dc1f7e948bc5c1ae2fd4c4dd0a951f43c250c94bcddc493ce2f46b16b54fb	Win32 EXE
0d0dc31a25813f96e8e084a65abef0828afbe2a599dc1c139896f653b9db1a2c	Win32 EXE
0d0dc37a596452054e1eaad0b747c69cc199bf604a4e89bd301b8255e8f469e7	Win32 EXE
0d0dc6439740364e8b9c790ba8c9a04a0c7bae7609ac6ad80910a03cd5052a49	Win32 EXE
0d0dc67355d9a1691a9a37526f9d6ef73a7fa1265d0788ff7a216b51f6c35b31	Win32 EXE
0d0dcb069285561605080ffe797121ba6aa938778437128e32e196ac78e72585	ELF
0d0dcb256e23f5c6a447dd252e0bbf0377668be5bcdbe6fb710aa3533fb128a7	ELF
0d0dcbd6df6fdfef16f670bb5ac136235bafd5b1a332eb233a83b75873863011	Win34 EXE
0d0dcd993cc944bcc002e9027366ca43e016cd4847504c042d286daa4b0072bb	Win34 DLL
0d0dceda63c2ab6609ed37bb20409f9fbf3bebddb6bc37e2ba7455606eebfe4a	Win32 EXE
0d0dd1b2f96e48fd76b795d2683c58f5d2d3ac05e3e9eb3d7dc4da7c224a6772	Win32 EXE
0d0dd1e991cfdcdad62a7b304a5676f37e0d4e73cbde5d8bca56aeed31306e04	Win32 EXE
0d0dd2b4bf1d5d8b0c669248c567818afeb003642a74ecf08ae932f64de6f59d	ELF
0d0dd4235cc9bf1d6a65b3e3ceef6791cd3b6f0c83cdcd052f1784cc29238214	Win32 EXE
0d0dda5d0991fb789dfcedf50c79248a68cf73758fc2053db9ea3f41b7aa1daf	Win32 EXE
0d0ddfbd01981ca1b0a39a5bd77dde13a6a8aaf83a78f417e191149c8fb9f67c	ELF
0d0de0d53ffcdaeafe436a0901ce157b67daca15c9641302f1e834580898ce20	Win32 EXE
0d0de39b7f5931618594cb8778e5076dabed3e07252e62b1c7ac146f12c82f24	Win32 EXE
0d0de3d03d66e75d74c4544bb9ed80547fa216cbce6f4490858aaff284a3d1d6	Win32 EXE
0d0de42c2e308a4134359db8731c258c725330388aca2757a3ec88d1707003ef	Win32 EXE
0d0de4a2e48765a62f7abda67e28aa6f0905cc2e36575fc01efd599073efd494	Win32 EXE
0d0de5d0f4878477f19d559b64d26d220692d03ebe34ed868c792e8729c41cd3	Win32 EXE
0d0de728dfca3e9fdc272dc79f496c8664edec0905cd1162cddf9ca9404747d0	ELF
0d0de8cdd90e6850ed5a89cd3ef9c37ef9c2df38795e942a906d91a8a115b43b	ELF
0d0de91a4f9f497ac6409b12166efd36730f9d91c34a531db28719cded57d271	Win35 EXE
